Mean Speedup Report (T_ref/T_var): ref var = Base_HIP  ,  ,  ,  ,  ,  ,  ,  ,  ,  ,  ,  ,  ,  ,  ,  ,  ,  ,  ,  ,  ,  ,  ,  ,  ,  ,  ,  ,  ,  , 
Kernel                      , Base_HIP , Base_HIP  , Base_HIP          , Base_HIP         , Base_HIP          , Base_HIP         , Base_HIP          , Base_HIP         , Base_HIP , Base_HIP , Base_HIP , Base_HIP , Base_HIP                  , Base_HIP                , Base_HIP                 , RAJA_HIP , RAJA_HIP  , RAJA_HIP          , RAJA_HIP          , RAJA_HIP              , RAJA_HIP         , RAJA_HIP         , RAJA_HIP             , RAJA_HIP          , RAJA_HIP         , RAJA_HIP , RAJA_HIP , RAJA_HIP , RAJA_HIP , RAJA_HIP                 
Kernel                      , default  , block_256 , blkatm_direct_256 , blkatm_occgs_256 , atomic_direct_256 , atomic_occgs_256 , blkhst_direct_256 , blkhst_occgs_256 , block_64 , block_25 , rocprim  , library  , replicate_4096_global_256 , replicate_4096_warp_256 , replicate_4096_block_256 , default  , block_256 , blkatm_direct_256 , blkdev_direct_256 , blkdev_direct_new_256 , blkatm_occgs_256 , blkdev_occgs_256 , blkdev_occgs_new_256 , atomic_direct_256 , atomic_occgs_256 , block_64 , block_25 , rocprim  , library  , replicate_4096_global_256
Basic_ARRAY_OF_PTRS         ,  Not run ,     1.000 ,           Not run ,          Not run ,           Not run ,          Not run ,           Not run ,          Not run ,  Not run ,  Not run ,  Not run ,  Not run ,                   Not run ,                 Not run ,                  Not run ,  Not run ,     0.997 ,           Not run ,           Not run ,               Not run ,          Not run ,          Not run ,              Not run ,           Not run ,          Not run ,  Not run ,  Not run ,  Not run ,  Not run ,                   Not run
Basic_COPY8                 ,  Not run ,     1.000 ,           Not run ,          Not run ,           Not run ,          Not run ,           Not run ,          Not run ,  Not run ,  Not run ,  Not run ,  Not run ,                   Not run ,                 Not run ,                  Not run ,  Not run ,     1.001 ,           Not run ,           Not run ,               Not run ,          Not run ,          Not run ,              Not run ,           Not run ,          Not run ,  Not run ,  Not run ,  Not run ,  Not run ,                   Not run
Basic_DAXPY                 ,  Not run ,     1.000 ,           Not run ,          Not run ,           Not run ,          Not run ,           Not run ,          Not run ,  Not run ,  Not run ,  Not run ,  Not run ,                   Not run ,                 Not run ,                  Not run ,  Not run ,     1.030 ,           Not run ,           Not run ,               Not run ,          Not run ,          Not run ,              Not run ,           Not run ,          Not run ,  Not run ,  Not run ,  Not run ,  Not run ,                   Not run
Basic_DAXPY_ATOMIC          ,  Not run ,     1.000 ,           Not run ,          Not run ,           Not run ,          Not run ,           Not run ,          Not run ,  Not run ,  Not run ,  Not run ,  Not run ,                   Not run ,                 Not run ,                  Not run ,  Not run ,     1.003 ,           Not run ,           Not run ,               Not run ,          Not run ,          Not run ,              Not run ,           Not run ,          Not run ,  Not run ,  Not run ,  Not run ,  Not run ,                   Not run
Basic_IF_QUAD               ,  Not run ,     1.000 ,           Not run ,          Not run ,           Not run ,          Not run ,           Not run ,          Not run ,  Not run ,  Not run ,  Not run ,  Not run ,                   Not run ,                 Not run ,                  Not run ,  Not run ,     0.994 ,           Not run ,           Not run ,               Not run ,          Not run ,          Not run ,              Not run ,           Not run ,          Not run ,  Not run ,  Not run ,  Not run ,  Not run ,                   Not run
Basic_INDEXLIST             ,  Not run ,     1.000 ,           Not run ,          Not run ,           Not run ,          Not run ,           Not run ,          Not run ,  Not run ,  Not run ,  Not run ,  Not run ,                   Not run ,                 Not run ,                  Not run ,  Not run ,   Not run ,           Not run ,           Not run ,               Not run ,          Not run ,          Not run ,              Not run ,           Not run ,          Not run ,  Not run ,  Not run ,  Not run ,  Not run ,                   Not run
Basic_INDEXLIST_3LOOP       ,  Not run ,     1.000 ,           Not run ,          Not run ,           Not run ,          Not run ,           Not run ,          Not run ,  Not run ,  Not run ,  Not run ,  Not run ,                   Not run ,                 Not run ,                  Not run ,  Not run ,     1.006 ,           Not run ,           Not run ,               Not run ,          Not run ,          Not run ,              Not run ,           Not run ,          Not run ,  Not run ,  Not run ,  Not run ,  Not run ,                   Not run
Basic_INIT3                 ,  Not run ,     1.000 ,           Not run ,          Not run ,           Not run ,          Not run ,           Not run ,          Not run ,  Not run ,  Not run ,  Not run ,  Not run ,                   Not run ,                 Not run ,                  Not run ,  Not run ,     1.003 ,           Not run ,           Not run ,               Not run ,          Not run ,          Not run ,              Not run ,           Not run ,          Not run ,  Not run ,  Not run ,  Not run ,  Not run ,                   Not run
Basic_INIT_VIEW1D           ,  Not run ,     1.000 ,           Not run ,          Not run ,           Not run ,          Not run ,           Not run ,          Not run ,  Not run ,  Not run ,  Not run ,  Not run ,                   Not run ,                 Not run ,                  Not run ,  Not run ,     1.002 ,           Not run ,           Not run ,               Not run ,          Not run ,          Not run ,              Not run ,           Not run ,          Not run ,  Not run ,  Not run ,  Not run ,  Not run ,                   Not run
Basic_INIT_VIEW1D_OFFSET    ,  Not run ,     1.000 ,           Not run ,          Not run ,           Not run ,          Not run ,           Not run ,          Not run ,  Not run ,  Not run ,  Not run ,  Not run ,                   Not run ,                 Not run ,                  Not run ,  Not run ,     0.982 ,           Not run ,           Not run ,               Not run ,          Not run ,          Not run ,              Not run ,           Not run ,          Not run ,  Not run ,  Not run ,  Not run ,  Not run ,                   Not run
Basic_MAT_MAT_SHARED        ,  Not run ,     1.000 ,           Not run ,          Not run ,           Not run ,          Not run ,           Not run ,          Not run ,  Not run ,  Not run ,  Not run ,  Not run ,                   Not run ,                 Not run ,                  Not run ,  Not run ,     1.004 ,           Not run ,           Not run ,               Not run ,          Not run ,          Not run ,              Not run ,           Not run ,          Not run ,  Not run ,  Not run ,  Not run ,  Not run ,                   Not run
Basic_MULADDSUB             ,  Not run ,     1.000 ,           Not run ,          Not run ,           Not run ,          Not run ,           Not run ,          Not run ,  Not run ,  Not run ,  Not run ,  Not run ,                   Not run ,                 Not run ,                  Not run ,  Not run ,     0.998 ,           Not run ,           Not run ,               Not run ,          Not run ,          Not run ,              Not run ,           Not run ,          Not run ,  Not run ,  Not run ,  Not run ,  Not run ,                   Not run
Basic_NESTED_INIT           ,  Not run ,     1.000 ,           Not run ,          Not run ,           Not run ,          Not run ,           Not run ,          Not run ,  Not run ,  Not run ,  Not run ,  Not run ,                   Not run ,                 Not run ,                  Not run ,  Not run ,     0.986 ,           Not run ,           Not run ,               Not run ,          Not run ,          Not run ,              Not run ,           Not run ,          Not run ,  Not run ,  Not run ,  Not run ,  Not run ,                   Not run
Basic_PI_ATOMIC             ,  Not run ,     1.000 ,           Not run ,          Not run ,           Not run ,          Not run ,           Not run ,          Not run ,  Not run ,  Not run ,  Not run ,  Not run ,                   Not run ,                 Not run ,                  Not run ,  Not run ,     1.001 ,           Not run ,           Not run ,               Not run ,          Not run ,          Not run ,              Not run ,           Not run ,          Not run ,  Not run ,  Not run ,  Not run ,  Not run ,                   Not run
Basic_PI_REDUCE             ,  Not run ,   Not run ,             1.000 ,            3.358 ,           Not run ,          Not run ,           Not run ,          Not run ,  Not run ,  Not run ,  Not run ,  Not run ,                   Not run ,                 Not run ,                  Not run ,  Not run ,   Not run ,             4.962 ,             3.486 ,                 0.391 ,            8.763 ,            7.962 ,                2.880 ,           Not run ,          Not run ,  Not run ,  Not run ,  Not run ,  Not run ,                   Not run
Basic_REDUCE3_INT           ,  Not run ,   Not run ,             1.000 ,            6.724 ,           Not run ,          Not run ,           Not run ,          Not run ,  Not run ,  Not run ,  Not run ,  Not run ,                   Not run ,                 Not run ,                  Not run ,  Not run ,   Not run ,             8.089 ,             4.381 ,                 0.350 ,           20.493 ,           16.396 ,                3.088 ,           Not run ,          Not run ,  Not run ,  Not run ,  Not run ,  Not run ,                   Not run
Basic_REDUCE_STRUCT         ,  Not run ,   Not run ,             1.000 ,           19.392 ,           Not run ,          Not run ,           Not run ,          Not run ,  Not run ,  Not run ,  Not run ,  Not run ,                   Not run ,                 Not run ,                  Not run ,  Not run ,   Not run ,            18.529 ,            16.713 ,                 1.265 ,           66.643 ,           57.392 ,               11.437 ,           Not run ,          Not run ,  Not run ,  Not run ,  Not run ,  Not run ,                   Not run
Basic_TRAP_INT              ,  Not run ,   Not run ,             1.000 ,            3.416 ,           Not run ,          Not run ,           Not run ,          Not run ,  Not run ,  Not run ,  Not run ,  Not run ,                   Not run ,                 Not run ,                  Not run ,  Not run ,   Not run ,             4.365 ,             3.357 ,                 0.386 ,            7.376 ,            6.865 ,                2.792 ,           Not run ,          Not run ,  Not run ,  Not run ,  Not run ,  Not run ,                   Not run
Basic_MULTI_REDUCE          ,  Not run ,   Not run ,           Not run ,          Not run ,             1.000 ,            0.635 ,           Not run ,          Not run ,  Not run ,  Not run ,  Not run ,  Not run ,                   Not run ,                 Not run ,                  Not run ,  Not run ,   Not run ,           Not run ,           Not run ,               Not run ,          Not run ,          Not run ,              Not run ,             0.968 ,            0.989 ,  Not run ,  Not run ,  Not run ,  Not run ,                   Not run
Lcals_DIFF_PREDICT          ,  Not run ,     1.000 ,           Not run ,          Not run ,           Not run ,          Not run ,           Not run ,          Not run ,  Not run ,  Not run ,  Not run ,  Not run ,                   Not run ,                 Not run ,                  Not run ,  Not run ,     1.009 ,           Not run ,           Not run ,               Not run ,          Not run ,          Not run ,              Not run ,           Not run ,          Not run ,  Not run ,  Not run ,  Not run ,  Not run ,                   Not run
Lcals_EOS                   ,  Not run ,     1.000 ,           Not run ,          Not run ,           Not run ,          Not run ,           Not run ,          Not run ,  Not run ,  Not run ,  Not run ,  Not run ,                   Not run ,                 Not run ,                  Not run ,  Not run ,     0.995 ,           Not run ,           Not run ,               Not run ,          Not run ,          Not run ,              Not run ,           Not run ,          Not run ,  Not run ,  Not run ,  Not run ,  Not run ,                   Not run
Lcals_FIRST_DIFF            ,  Not run ,     1.000 ,           Not run ,          Not run ,           Not run ,          Not run ,           Not run ,          Not run ,  Not run ,  Not run ,  Not run ,  Not run ,                   Not run ,                 Not run ,                  Not run ,  Not run ,     1.003 ,           Not run ,           Not run ,               Not run ,          Not run ,          Not run ,              Not run ,           Not run ,          Not run ,  Not run ,  Not run ,  Not run ,  Not run ,                   Not run
Lcals_FIRST_MIN             ,  Not run ,   Not run ,           Not run ,          Not run ,           Not run ,          Not run ,             1.000 ,            0.789 ,  Not run ,  Not run ,  Not run ,  Not run ,                   Not run ,                 Not run ,                  Not run ,  Not run ,   Not run ,           Not run ,             0.659 ,                 0.081 ,          Not run ,            1.489 ,                0.598 ,           Not run ,          Not run ,  Not run ,  Not run ,  Not run ,  Not run ,                   Not run
Lcals_FIRST_SUM             ,  Not run ,     1.000 ,           Not run ,          Not run ,           Not run ,          Not run ,           Not run ,          Not run ,  Not run ,  Not run ,  Not run ,  Not run ,                   Not run ,                 Not run ,                  Not run ,  Not run ,     1.020 ,           Not run ,           Not run ,               Not run ,          Not run ,          Not run ,              Not run ,           Not run ,          Not run ,  Not run ,  Not run ,  Not run ,  Not run ,                   Not run
Lcals_GEN_LIN_RECUR         ,  Not run ,     1.000 ,           Not run ,          Not run ,           Not run ,          Not run ,           Not run ,          Not run ,  Not run ,  Not run ,  Not run ,  Not run ,                   Not run ,                 Not run ,                  Not run ,  Not run ,     0.895 ,           Not run ,           Not run ,               Not run ,          Not run ,          Not run ,              Not run ,           Not run ,          Not run ,  Not run ,  Not run ,  Not run ,  Not run ,                   Not run
Lcals_HYDRO_1D              ,  Not run ,     1.000 ,           Not run ,          Not run ,           Not run ,          Not run ,           Not run ,          Not run ,  Not run ,  Not run ,  Not run ,  Not run ,                   Not run ,                 Not run ,                  Not run ,  Not run ,     0.996 ,           Not run ,           Not run ,               Not run ,          Not run ,          Not run ,              Not run ,           Not run ,          Not run ,  Not run ,  Not run ,  Not run ,  Not run ,                   Not run
Lcals_HYDRO_2D              ,  Not run ,     1.000 ,           Not run ,          Not run ,           Not run ,          Not run ,           Not run ,          Not run ,  Not run ,  Not run ,  Not run ,  Not run ,                   Not run ,                 Not run ,                  Not run ,  Not run ,     0.980 ,           Not run ,           Not run ,               Not run ,          Not run ,          Not run ,              Not run ,           Not run ,          Not run ,  Not run ,  Not run ,  Not run ,  Not run ,                   Not run
Lcals_INT_PREDICT           ,  Not run ,     1.000 ,           Not run ,          Not run ,           Not run ,          Not run ,           Not run ,          Not run ,  Not run ,  Not run ,  Not run ,  Not run ,                   Not run ,                 Not run ,                  Not run ,  Not run ,     0.924 ,           Not run ,           Not run ,               Not run ,          Not run ,          Not run ,              Not run ,           Not run ,          Not run ,  Not run ,  Not run ,  Not run ,  Not run ,                   Not run
Lcals_PLANCKIAN             ,  Not run ,     1.000 ,           Not run ,          Not run ,           Not run ,          Not run ,           Not run ,          Not run ,  Not run ,  Not run ,  Not run ,  Not run ,                   Not run ,                 Not run ,                  Not run ,  Not run ,     0.998 ,           Not run ,           Not run ,               Not run ,          Not run ,          Not run ,              Not run ,           Not run ,          Not run ,  Not run ,  Not run ,  Not run ,  Not run ,                   Not run
Lcals_TRIDIAG_ELIM          ,  Not run ,     1.000 ,           Not run ,          Not run ,           Not run ,          Not run ,           Not run ,          Not run ,  Not run ,  Not run ,  Not run ,  Not run ,                   Not run ,                 Not run ,                  Not run ,  Not run ,     1.019 ,           Not run ,           Not run ,               Not run ,          Not run ,          Not run ,              Not run ,           Not run ,          Not run ,  Not run ,  Not run ,  Not run ,  Not run ,                   Not run
Polybench_2MM               ,  Not run ,     1.000 ,           Not run ,          Not run ,           Not run ,          Not run ,           Not run ,          Not run ,  Not run ,  Not run ,  Not run ,  Not run ,                   Not run ,                 Not run ,                  Not run ,  Not run ,     1.001 ,           Not run ,           Not run ,               Not run ,          Not run ,          Not run ,              Not run ,           Not run ,          Not run ,  Not run ,  Not run ,  Not run ,  Not run ,                   Not run
Polybench_3MM               ,  Not run ,     1.000 ,           Not run ,          Not run ,           Not run ,          Not run ,           Not run ,          Not run ,  Not run ,  Not run ,  Not run ,  Not run ,                   Not run ,                 Not run ,                  Not run ,  Not run ,     1.008 ,           Not run ,           Not run ,               Not run ,          Not run ,          Not run ,              Not run ,           Not run ,          Not run ,  Not run ,  Not run ,  Not run ,  Not run ,                   Not run
Polybench_ADI               ,  Not run ,     1.000 ,           Not run ,          Not run ,           Not run ,          Not run ,           Not run ,          Not run ,  Not run ,  Not run ,  Not run ,  Not run ,                   Not run ,                 Not run ,                  Not run ,  Not run ,     0.697 ,           Not run ,           Not run ,               Not run ,          Not run ,          Not run ,              Not run ,           Not run ,          Not run ,  Not run ,  Not run ,  Not run ,  Not run ,                   Not run
Polybench_ATAX              ,  Not run ,     1.000 ,           Not run ,          Not run ,           Not run ,          Not run ,           Not run ,          Not run ,  Not run ,  Not run ,  Not run ,  Not run ,                   Not run ,                 Not run ,                  Not run ,  Not run ,     0.934 ,           Not run ,           Not run ,               Not run ,          Not run ,          Not run ,              Not run ,           Not run ,          Not run ,  Not run ,  Not run ,  Not run ,  Not run ,                   Not run
Polybench_FDTD_2D           ,  Not run ,     1.000 ,           Not run ,          Not run ,           Not run ,          Not run ,           Not run ,          Not run ,  Not run ,  Not run ,  Not run ,  Not run ,                   Not run ,                 Not run ,                  Not run ,  Not run ,     0.945 ,           Not run ,           Not run ,               Not run ,          Not run ,          Not run ,              Not run ,           Not run ,          Not run ,  Not run ,  Not run ,  Not run ,  Not run ,                   Not run
Polybench_FLOYD_WARSHALL    ,  Not run ,     1.000 ,           Not run ,          Not run ,           Not run ,          Not run ,           Not run ,          Not run ,  Not run ,  Not run ,  Not run ,  Not run ,                   Not run ,                 Not run ,                  Not run ,  Not run ,     0.977 ,           Not run ,           Not run ,               Not run ,          Not run ,          Not run ,              Not run ,           Not run ,          Not run ,  Not run ,  Not run ,  Not run ,  Not run ,                   Not run
Polybench_GEMM              ,  Not run ,     1.000 ,           Not run ,          Not run ,           Not run ,          Not run ,           Not run ,          Not run ,  Not run ,  Not run ,  Not run ,  Not run ,                   Not run ,                 Not run ,                  Not run ,  Not run ,     1.003 ,           Not run ,           Not run ,               Not run ,          Not run ,          Not run ,              Not run ,           Not run ,          Not run ,  Not run ,  Not run ,  Not run ,  Not run ,                   Not run
Polybench_GEMVER            ,  Not run ,     1.000 ,           Not run ,          Not run ,           Not run ,          Not run ,           Not run ,          Not run ,  Not run ,  Not run ,  Not run ,  Not run ,                   Not run ,                 Not run ,                  Not run ,  Not run ,     0.930 ,           Not run ,           Not run ,               Not run ,          Not run ,          Not run ,              Not run ,           Not run ,          Not run ,  Not run ,  Not run ,  Not run ,  Not run ,                   Not run
Polybench_GESUMMV           ,  Not run ,     1.000 ,           Not run ,          Not run ,           Not run ,          Not run ,           Not run ,          Not run ,  Not run ,  Not run ,  Not run ,  Not run ,                   Not run ,                 Not run ,                  Not run ,  Not run ,     0.999 ,           Not run ,           Not run ,               Not run ,          Not run ,          Not run ,              Not run ,           Not run ,          Not run ,  Not run ,  Not run ,  Not run ,  Not run ,                   Not run
Polybench_HEAT_3D           ,  Not run ,     1.000 ,           Not run ,          Not run ,           Not run ,          Not run ,           Not run ,          Not run ,  Not run ,  Not run ,  Not run ,  Not run ,                   Not run ,                 Not run ,                  Not run ,  Not run ,     0.993 ,           Not run ,           Not run ,               Not run ,          Not run ,          Not run ,              Not run ,           Not run ,          Not run ,  Not run ,  Not run ,  Not run ,  Not run ,                   Not run
Polybench_JACOBI_1D         ,  Not run ,     1.000 ,           Not run ,          Not run ,           Not run ,          Not run ,           Not run ,          Not run ,  Not run ,  Not run ,  Not run ,  Not run ,                   Not run ,                 Not run ,                  Not run ,  Not run ,     1.045 ,           Not run ,           Not run ,               Not run ,          Not run ,          Not run ,              Not run ,           Not run ,          Not run ,  Not run ,  Not run ,  Not run ,  Not run ,                   Not run
Polybench_JACOBI_2D         ,  Not run ,     1.000 ,           Not run ,          Not run ,           Not run ,          Not run ,           Not run ,          Not run ,  Not run ,  Not run ,  Not run ,  Not run ,                   Not run ,                 Not run ,                  Not run ,  Not run ,     0.965 ,           Not run ,           Not run ,               Not run ,          Not run ,          Not run ,              Not run ,           Not run ,          Not run ,  Not run ,  Not run ,  Not run ,  Not run ,                   Not run
Polybench_MVT               ,  Not run ,     1.000 ,           Not run ,          Not run ,           Not run ,          Not run ,           Not run ,          Not run ,  Not run ,  Not run ,  Not run ,  Not run ,                   Not run ,                 Not run ,                  Not run ,  Not run ,     0.919 ,           Not run ,           Not run ,               Not run ,          Not run ,          Not run ,              Not run ,           Not run ,          Not run ,  Not run ,  Not run ,  Not run ,  Not run ,                   Not run
Stream_ADD                  ,  Not run ,     1.000 ,           Not run ,          Not run ,           Not run ,          Not run ,           Not run ,          Not run ,  Not run ,  Not run ,  Not run ,  Not run ,                   Not run ,                 Not run ,                  Not run ,  Not run ,     1.004 ,           Not run ,           Not run ,               Not run ,          Not run ,          Not run ,              Not run ,           Not run ,          Not run ,  Not run ,  Not run ,  Not run ,  Not run ,                   Not run
Stream_COPY                 ,  Not run ,     1.000 ,           Not run ,          Not run ,           Not run ,          Not run ,           Not run ,          Not run ,  Not run ,  Not run ,  Not run ,  Not run ,                   Not run ,                 Not run ,                  Not run ,  Not run ,     0.981 ,           Not run ,           Not run ,               Not run ,          Not run ,          Not run ,              Not run ,           Not run ,          Not run ,  Not run ,  Not run ,  Not run ,  Not run ,                   Not run
Stream_DOT                  ,  Not run ,   Not run ,             1.000 ,            3.409 ,           Not run ,          Not run ,           Not run ,          Not run ,  Not run ,  Not run ,  Not run ,  Not run ,                   Not run ,                 Not run ,                  Not run ,  Not run ,   Not run ,             4.177 ,             3.159 ,                 0.320 ,            5.277 ,            4.910 ,                2.095 ,           Not run ,          Not run ,  Not run ,  Not run ,  Not run ,  Not run ,                   Not run
Stream_MUL                  ,  Not run ,     1.000 ,           Not run ,          Not run ,           Not run ,          Not run ,           Not run ,          Not run ,  Not run ,  Not run ,  Not run ,  Not run ,                   Not run ,                 Not run ,                  Not run ,  Not run ,     1.018 ,           Not run ,           Not run ,               Not run ,          Not run ,          Not run ,              Not run ,           Not run ,          Not run ,  Not run ,  Not run ,  Not run ,  Not run ,                   Not run
Stream_TRIAD                ,  Not run ,     1.000 ,           Not run ,          Not run ,           Not run ,          Not run ,           Not run ,          Not run ,  Not run ,  Not run ,  Not run ,  Not run ,                   Not run ,                 Not run ,                  Not run ,  Not run ,     0.994 ,           Not run ,           Not run ,               Not run ,          Not run ,          Not run ,              Not run ,           Not run ,          Not run ,  Not run ,  Not run ,  Not run ,  Not run ,                   Not run
Apps_CONVECTION3DPA         ,  Not run ,   Not run ,           Not run ,          Not run ,           Not run ,          Not run ,           Not run ,          Not run ,    1.000 ,  Not run ,  Not run ,  Not run ,                   Not run ,                 Not run ,                  Not run ,  Not run ,   Not run ,           Not run ,           Not run ,               Not run ,          Not run ,          Not run ,              Not run ,           Not run ,          Not run ,    1.080 ,  Not run ,  Not run ,  Not run ,                   Not run
Apps_DEL_DOT_VEC_2D         ,  Not run ,     1.000 ,           Not run ,          Not run ,           Not run ,          Not run ,           Not run ,          Not run ,  Not run ,  Not run ,  Not run ,  Not run ,                   Not run ,                 Not run ,                  Not run ,  Not run ,     1.001 ,           Not run ,           Not run ,               Not run ,          Not run ,          Not run ,              Not run ,           Not run ,          Not run ,  Not run ,  Not run ,  Not run ,  Not run ,                   Not run
Apps_DIFFUSION3DPA          ,  Not run ,   Not run ,           Not run ,          Not run ,           Not run ,          Not run ,           Not run ,          Not run ,    1.000 ,  Not run ,  Not run ,  Not run ,                   Not run ,                 Not run ,                  Not run ,  Not run ,   Not run ,           Not run ,           Not run ,               Not run ,          Not run ,          Not run ,              Not run ,           Not run ,          Not run ,    1.233 ,  Not run ,  Not run ,  Not run ,                   Not run
Apps_EDGE3D                 ,  Not run ,     1.000 ,           Not run ,          Not run ,           Not run ,          Not run ,           Not run ,          Not run ,  Not run ,  Not run ,  Not run ,  Not run ,                   Not run ,                 Not run ,                  Not run ,  Not run ,     1.031 ,           Not run ,           Not run ,               Not run ,          Not run ,          Not run ,              Not run ,           Not run ,          Not run ,  Not run ,  Not run ,  Not run ,  Not run ,                   Not run
Apps_ENERGY                 ,  Not run ,     1.000 ,           Not run ,          Not run ,           Not run ,          Not run ,           Not run ,          Not run ,  Not run ,  Not run ,  Not run ,  Not run ,                   Not run ,                 Not run ,                  Not run ,  Not run ,     0.984 ,           Not run ,           Not run ,               Not run ,          Not run ,          Not run ,              Not run ,           Not run ,          Not run ,  Not run ,  Not run ,  Not run ,  Not run ,                   Not run
Apps_FIR                    ,  Not run ,     1.000 ,           Not run ,          Not run ,           Not run ,          Not run ,           Not run ,          Not run ,  Not run ,  Not run ,  Not run ,  Not run ,                   Not run ,                 Not run ,                  Not run ,  Not run ,     0.999 ,           Not run ,           Not run ,               Not run ,          Not run ,          Not run ,              Not run ,           Not run ,          Not run ,  Not run ,  Not run ,  Not run ,  Not run ,                   Not run
Apps_LTIMES                 ,  Not run ,     1.000 ,           Not run ,          Not run ,           Not run ,          Not run ,           Not run ,          Not run ,  Not run ,  Not run ,  Not run ,  Not run ,                   Not run ,                 Not run ,                  Not run ,  Not run ,     0.841 ,           Not run ,           Not run ,               Not run ,          Not run ,          Not run ,              Not run ,           Not run ,          Not run ,  Not run ,  Not run ,  Not run ,  Not run ,                   Not run
Apps_LTIMES_NOVIEW          ,  Not run ,     1.000 ,           Not run ,          Not run ,           Not run ,          Not run ,           Not run ,          Not run ,  Not run ,  Not run ,  Not run ,  Not run ,                   Not run ,                 Not run ,                  Not run ,  Not run ,     0.840 ,           Not run ,           Not run ,               Not run ,          Not run ,          Not run ,              Not run ,           Not run ,          Not run ,  Not run ,  Not run ,  Not run ,  Not run ,                   Not run
Apps_MASS3DEA               ,  Not run ,   Not run ,           Not run ,          Not run ,           Not run ,          Not run ,           Not run ,          Not run ,    1.000 ,  Not run ,  Not run ,  Not run ,                   Not run ,                 Not run ,                  Not run ,  Not run ,   Not run ,           Not run ,           Not run ,               Not run ,          Not run ,          Not run ,              Not run ,           Not run ,          Not run ,    0.008 ,  Not run ,  Not run ,  Not run ,                   Not run
Apps_MASS3DPA               ,  Not run ,   Not run ,           Not run ,          Not run ,           Not run ,          Not run ,           Not run ,          Not run ,  Not run ,    1.000 ,  Not run ,  Not run ,                   Not run ,                 Not run ,                  Not run ,  Not run ,   Not run ,           Not run ,           Not run ,               Not run ,          Not run ,          Not run ,              Not run ,           Not run ,          Not run ,  Not run ,    1.008 ,  Not run ,  Not run ,                   Not run
Apps_MATVEC_3D_STENCIL      ,  Not run ,     1.000 ,           Not run ,          Not run ,           Not run ,          Not run ,           Not run ,          Not run ,  Not run ,  Not run ,  Not run ,  Not run ,                   Not run ,                 Not run ,                  Not run ,  Not run ,     0.997 ,           Not run ,           Not run ,               Not run ,          Not run ,          Not run ,              Not run ,           Not run ,          Not run ,  Not run ,  Not run ,  Not run ,  Not run ,                   Not run
Apps_NODAL_ACCUMULATION_3D  ,  Not run ,     1.000 ,           Not run ,          Not run ,           Not run ,          Not run ,           Not run ,          Not run ,  Not run ,  Not run ,  Not run ,  Not run ,                   Not run ,                 Not run ,                  Not run ,  Not run ,     1.000 ,           Not run ,           Not run ,               Not run ,          Not run ,          Not run ,              Not run ,           Not run ,          Not run ,  Not run ,  Not run ,  Not run ,  Not run ,                   Not run
Apps_PRESSURE               ,  Not run ,     1.000 ,           Not run ,          Not run ,           Not run ,          Not run ,           Not run ,          Not run ,  Not run ,  Not run ,  Not run ,  Not run ,                   Not run ,                 Not run ,                  Not run ,  Not run ,     1.026 ,           Not run ,           Not run ,               Not run ,          Not run ,          Not run ,              Not run ,           Not run ,          Not run ,  Not run ,  Not run ,  Not run ,  Not run ,                   Not run
Apps_VOL3D                  ,  Not run ,     1.000 ,           Not run ,          Not run ,           Not run ,          Not run ,           Not run ,          Not run ,  Not run ,  Not run ,  Not run ,  Not run ,                   Not run ,                 Not run ,                  Not run ,  Not run ,     0.964 ,           Not run ,           Not run ,               Not run ,          Not run ,          Not run ,              Not run ,           Not run ,          Not run ,  Not run ,  Not run ,  Not run ,  Not run ,                   Not run
Apps_ZONAL_ACCUMULATION_3D  ,  Not run ,     1.000 ,           Not run ,          Not run ,           Not run ,          Not run ,           Not run ,          Not run ,  Not run ,  Not run ,  Not run ,  Not run ,                   Not run ,                 Not run ,                  Not run ,  Not run ,     1.002 ,           Not run ,           Not run ,               Not run ,          Not run ,          Not run ,              Not run ,           Not run ,          Not run ,  Not run ,  Not run ,  Not run ,  Not run ,                   Not run
Algorithm_SCAN              ,  Not run ,     0.470 ,           Not run ,          Not run ,           Not run ,          Not run ,           Not run ,          Not run ,  Not run ,  Not run ,    1.000 ,  Not run ,                   Not run ,                 Not run ,                  Not run ,  Not run ,   Not run ,           Not run ,           Not run ,               Not run ,          Not run ,          Not run ,              Not run ,           Not run ,          Not run ,  Not run ,  Not run ,    0.990 ,  Not run ,                   Not run
Algorithm_SORT              ,  Not run ,   Not run ,           Not run ,          Not run ,           Not run ,          Not run ,           Not run ,          Not run ,  Not run ,  Not run ,  Not run ,  Not run ,                   Not run ,                 Not run ,                  Not run ,  Not run ,   Not run ,           Not run ,           Not run ,               Not run ,          Not run ,          Not run ,              Not run ,           Not run ,          Not run ,  Not run ,  Not run ,  Not run ,  Not run ,                   Not run
Algorithm_SORTPAIRS         ,  Not run ,   Not run ,           Not run ,          Not run ,           Not run ,          Not run ,           Not run ,          Not run ,  Not run ,  Not run ,  Not run ,  Not run ,                   Not run ,                 Not run ,                  Not run ,  Not run ,   Not run ,           Not run ,           Not run ,               Not run ,          Not run ,          Not run ,              Not run ,           Not run ,          Not run ,  Not run ,  Not run ,  Not run ,  Not run ,                   Not run
Algorithm_REDUCE_SUM        ,  Not run ,   Not run ,             0.148 ,            0.493 ,           Not run ,          Not run ,           Not run ,          Not run ,  Not run ,  Not run ,    1.000 ,  Not run ,                   Not run ,                 Not run ,                  Not run ,  Not run ,   Not run ,             0.682 ,             0.472 ,                 0.052 ,            1.017 ,            0.956 ,                0.380 ,           Not run ,          Not run ,  Not run ,  Not run ,  Not run ,  Not run ,                   Not run
Algorithm_MEMSET            ,  Not run ,     0.881 ,           Not run ,          Not run ,           Not run ,          Not run ,           Not run ,          Not run ,  Not run ,  Not run ,  Not run ,    1.000 ,                   Not run ,                 Not run ,                  Not run ,  Not run ,     0.883 ,           Not run ,           Not run ,               Not run ,          Not run ,          Not run ,              Not run ,           Not run ,          Not run ,  Not run ,  Not run ,  Not run ,    1.004 ,                   Not run
Algorithm_MEMCPY            ,  Not run ,     0.846 ,           Not run ,          Not run ,           Not run ,          Not run ,           Not run ,          Not run ,  Not run ,  Not run ,  Not run ,    1.000 ,                   Not run ,                 Not run ,                  Not run ,  Not run ,     0.873 ,           Not run ,           Not run ,               Not run ,          Not run ,          Not run ,              Not run ,           Not run ,          Not run ,  Not run ,  Not run ,  Not run ,    0.999 ,                   Not run
Algorithm_ATOMIC            ,  Not run ,   Not run ,           Not run ,          Not run ,           Not run ,          Not run ,           Not run ,          Not run ,  Not run ,  Not run ,  Not run ,  Not run ,                     1.000 ,                   2.332 ,                    2.303 ,  Not run ,   Not run ,           Not run ,           Not run ,               Not run ,          Not run ,          Not run ,              Not run ,           Not run ,          Not run ,  Not run ,  Not run ,  Not run ,  Not run ,                     1.024
Algorithm_HISTOGRAM         ,  Not run ,   Not run ,           Not run ,          Not run ,             2.283 ,            1.110 ,           Not run ,          Not run ,  Not run ,  Not run ,    1.000 ,  Not run ,                   Not run ,                 Not run ,                  Not run ,  Not run ,   Not run ,           Not run ,           Not run ,               Not run ,          Not run ,          Not run ,              Not run ,             1.908 ,            2.259 ,  Not run ,  Not run ,  Not run ,  Not run ,                   Not run
Comm_HALO_PACKING           ,  Not run ,     1.000 ,           Not run ,          Not run ,           Not run ,          Not run ,           Not run ,          Not run ,  Not run ,  Not run ,  Not run ,  Not run ,                   Not run ,                 Not run ,                  Not run ,  Not run ,     1.080 ,           Not run ,           Not run ,               Not run ,          Not run ,          Not run ,              Not run ,           Not run ,          Not run ,  Not run ,  Not run ,  Not run ,  Not run ,                   Not run
Comm_HALO_SENDRECV          ,    1.000 ,   Not run ,           Not run ,          Not run ,           Not run ,          Not run ,           Not run ,          Not run ,  Not run ,  Not run ,  Not run ,  Not run ,                   Not run ,                 Not run ,                  Not run ,  Not run ,   Not run ,           Not run ,           Not run ,               Not run ,          Not run ,          Not run ,              Not run ,           Not run ,          Not run ,  Not run ,  Not run ,  Not run ,  Not run ,                   Not run
Comm_HALO_EXCHANGE          ,  Not run ,     1.000 ,           Not run ,          Not run ,           Not run ,          Not run ,           Not run ,          Not run ,  Not run ,  Not run ,  Not run ,  Not run ,                   Not run ,                 Not run ,                  Not run ,  Not run ,     1.058 ,           Not run ,           Not run ,               Not run ,          Not run ,          Not run ,              Not run ,           Not run ,          Not run ,  Not run ,  Not run ,  Not run ,  Not run ,                   Not run
