Min Runtime Report (sec.)  ,  ,  ,  ,  ,  ,  ,  ,  ,  ,  ,  ,  ,  ,  ,  ,  ,  ,  ,  ,  ,  ,  ,  ,  ,  ,  ,  ,  ,  , 
Kernel                      , Base_HIP , Base_HIP  , Base_HIP          , Base_HIP         , Base_HIP          , Base_HIP         , Base_HIP          , Base_HIP         , Base_HIP , Base_HIP , Base_HIP , Base_HIP , Base_HIP                  , Base_HIP                , Base_HIP                 , RAJA_HIP , RAJA_HIP  , RAJA_HIP          , RAJA_HIP          , RAJA_HIP              , RAJA_HIP         , RAJA_HIP         , RAJA_HIP             , RAJA_HIP          , RAJA_HIP         , RAJA_HIP , RAJA_HIP , RAJA_HIP , RAJA_HIP , RAJA_HIP                 
Kernel                      , default  , block_256 , blkatm_direct_256 , blkatm_occgs_256 , atomic_direct_256 , atomic_occgs_256 , blkhst_direct_256 , blkhst_occgs_256 , block_64 , block_25 , rocprim  , library  , replicate_4096_global_256 , replicate_4096_warp_256 , replicate_4096_block_256 , default  , block_256 , blkatm_direct_256 , blkdev_direct_256 , blkdev_direct_new_256 , blkatm_occgs_256 , blkdev_occgs_256 , blkdev_occgs_new_256 , atomic_direct_256 , atomic_occgs_256 , block_64 , block_25 , rocprim  , library  , replicate_4096_global_256
Basic_ARRAY_OF_PTRS         ,  Not run ,  0.016585 ,           Not run ,          Not run ,           Not run ,          Not run ,           Not run ,          Not run ,  Not run ,  Not run ,  Not run ,  Not run ,                   Not run ,                 Not run ,                  Not run ,  Not run ,  0.016498 ,           Not run ,           Not run ,               Not run ,          Not run ,          Not run ,              Not run ,           Not run ,          Not run ,  Not run ,  Not run ,  Not run ,  Not run ,                   Not run
Basic_COPY8                 ,  Not run ,  0.010509 ,           Not run ,          Not run ,           Not run ,          Not run ,           Not run ,          Not run ,  Not run ,  Not run ,  Not run ,  Not run ,                   Not run ,                 Not run ,                  Not run ,  Not run ,  0.010506 ,           Not run ,           Not run ,               Not run ,          Not run ,          Not run ,              Not run ,           Not run ,          Not run ,  Not run ,  Not run ,  Not run ,  Not run ,                   Not run
Basic_DAXPY                 ,  Not run ,  0.018372 ,           Not run ,          Not run ,           Not run ,          Not run ,           Not run ,          Not run ,  Not run ,  Not run ,  Not run ,  Not run ,                   Not run ,                 Not run ,                  Not run ,  Not run ,  0.018140 ,           Not run ,           Not run ,               Not run ,          Not run ,          Not run ,              Not run ,           Not run ,          Not run ,  Not run ,  Not run ,  Not run ,  Not run ,                   Not run
Basic_DAXPY_ATOMIC          ,  Not run ,  0.009975 ,           Not run ,          Not run ,           Not run ,          Not run ,           Not run ,          Not run ,  Not run ,  Not run ,  Not run ,  Not run ,                   Not run ,                 Not run ,                  Not run ,  Not run ,  0.009953 ,           Not run ,           Not run ,               Not run ,          Not run ,          Not run ,              Not run ,           Not run ,          Not run ,  Not run ,  Not run ,  Not run ,  Not run ,                   Not run
Basic_IF_QUAD               ,  Not run ,  0.009263 ,           Not run ,          Not run ,           Not run ,          Not run ,           Not run ,          Not run ,  Not run ,  Not run ,  Not run ,  Not run ,                   Not run ,                 Not run ,                  Not run ,  Not run ,  0.009248 ,           Not run ,           Not run ,               Not run ,          Not run ,          Not run ,              Not run ,           Not run ,          Not run ,  Not run ,  Not run ,  Not run ,  Not run ,                   Not run
Basic_INDEXLIST             ,  Not run ,  0.017826 ,           Not run ,          Not run ,           Not run ,          Not run ,           Not run ,          Not run ,  Not run ,  Not run ,  Not run ,  Not run ,                   Not run ,                 Not run ,                  Not run ,  Not run ,   Not run ,           Not run ,           Not run ,               Not run ,          Not run ,          Not run ,              Not run ,           Not run ,          Not run ,  Not run ,  Not run ,  Not run ,  Not run ,                   Not run
Basic_INDEXLIST_3LOOP       ,  Not run ,  0.013778 ,           Not run ,          Not run ,           Not run ,          Not run ,           Not run ,          Not run ,  Not run ,  Not run ,  Not run ,  Not run ,                   Not run ,                 Not run ,                  Not run ,  Not run ,  0.013770 ,           Not run ,           Not run ,               Not run ,          Not run ,          Not run ,              Not run ,           Not run ,          Not run ,  Not run ,  Not run ,  Not run ,  Not run ,                   Not run
Basic_INIT3                 ,  Not run ,  0.022275 ,           Not run ,          Not run ,           Not run ,          Not run ,           Not run ,          Not run ,  Not run ,  Not run ,  Not run ,  Not run ,                   Not run ,                 Not run ,                  Not run ,  Not run ,  0.022248 ,           Not run ,           Not run ,               Not run ,          Not run ,          Not run ,              Not run ,           Not run ,          Not run ,  Not run ,  Not run ,  Not run ,  Not run ,                   Not run
Basic_INIT_VIEW1D           ,  Not run ,  0.037011 ,           Not run ,          Not run ,           Not run ,          Not run ,           Not run ,          Not run ,  Not run ,  Not run ,  Not run ,  Not run ,                   Not run ,                 Not run ,                  Not run ,  Not run ,  0.036877 ,           Not run ,           Not run ,               Not run ,          Not run ,          Not run ,              Not run ,           Not run ,          Not run ,  Not run ,  Not run ,  Not run ,  Not run ,                   Not run
Basic_INIT_VIEW1D_OFFSET    ,  Not run ,  0.036842 ,           Not run ,          Not run ,           Not run ,          Not run ,           Not run ,          Not run ,  Not run ,  Not run ,  Not run ,  Not run ,                   Not run ,                 Not run ,                  Not run ,  Not run ,  0.037511 ,           Not run ,           Not run ,               Not run ,          Not run ,          Not run ,              Not run ,           Not run ,          Not run ,  Not run ,  Not run ,  Not run ,  Not run ,                   Not run
Basic_MAT_MAT_SHARED        ,  Not run ,  0.020358 ,           Not run ,          Not run ,           Not run ,          Not run ,           Not run ,          Not run ,  Not run ,  Not run ,  Not run ,  Not run ,                   Not run ,                 Not run ,                  Not run ,  Not run ,  0.020329 ,           Not run ,           Not run ,               Not run ,          Not run ,          Not run ,              Not run ,           Not run ,          Not run ,  Not run ,  Not run ,  Not run ,  Not run ,                   Not run
Basic_MULADDSUB             ,  Not run ,  0.017409 ,           Not run ,          Not run ,           Not run ,          Not run ,           Not run ,          Not run ,  Not run ,  Not run ,  Not run ,  Not run ,                   Not run ,                 Not run ,                  Not run ,  Not run ,  0.017552 ,           Not run ,           Not run ,               Not run ,          Not run ,          Not run ,              Not run ,           Not run ,          Not run ,  Not run ,  Not run ,  Not run ,  Not run ,                   Not run
Basic_NESTED_INIT           ,  Not run ,  0.019474 ,           Not run ,          Not run ,           Not run ,          Not run ,           Not run ,          Not run ,  Not run ,  Not run ,  Not run ,  Not run ,                   Not run ,                 Not run ,                  Not run ,  Not run ,  0.019980 ,           Not run ,           Not run ,               Not run ,          Not run ,          Not run ,              Not run ,           Not run ,          Not run ,  Not run ,  Not run ,  Not run ,  Not run ,                   Not run
Basic_PI_ATOMIC             ,  Not run ,  0.030297 ,           Not run ,          Not run ,           Not run ,          Not run ,           Not run ,          Not run ,  Not run ,  Not run ,  Not run ,  Not run ,                   Not run ,                 Not run ,                  Not run ,  Not run ,  0.030241 ,           Not run ,           Not run ,               Not run ,          Not run ,          Not run ,              Not run ,           Not run ,          Not run ,  Not run ,  Not run ,  Not run ,  Not run ,                   Not run
Basic_PI_REDUCE             ,  Not run ,   Not run ,          0.008134 ,         0.002397 ,           Not run ,          Not run ,           Not run ,          Not run ,  Not run ,  Not run ,  Not run ,  Not run ,                   Not run ,                 Not run ,                  Not run ,  Not run ,   Not run ,          0.001596 ,          0.002187 ,              0.020750 ,         0.000917 ,         0.001010 ,             0.002819 ,           Not run ,          Not run ,  Not run ,  Not run ,  Not run ,  Not run ,                   Not run
Basic_REDUCE3_INT           ,  Not run ,   Not run ,          0.021647 ,         0.003192 ,           Not run ,          Not run ,           Not run ,          Not run ,  Not run ,  Not run ,  Not run ,  Not run ,                   Not run ,                 Not run ,                  Not run ,  Not run ,   Not run ,          0.002619 ,          0.004878 ,              0.061810 ,         0.001035 ,         0.001309 ,             0.006988 ,           Not run ,          Not run ,  Not run ,  Not run ,  Not run ,  Not run ,                   Not run
Basic_REDUCE_STRUCT         ,  Not run ,   Not run ,          0.161843 ,         0.008182 ,           Not run ,          Not run ,           Not run ,          Not run ,  Not run ,  Not run ,  Not run ,  Not run ,                   Not run ,                 Not run ,                  Not run ,  Not run ,   Not run ,          0.008704 ,          0.009636 ,              0.128256 ,         0.002405 ,         0.002785 ,             0.014150 ,           Not run ,          Not run ,  Not run ,  Not run ,  Not run ,  Not run ,                   Not run
Basic_TRAP_INT              ,  Not run ,   Not run ,          0.008104 ,         0.002363 ,           Not run ,          Not run ,           Not run ,          Not run ,  Not run ,  Not run ,  Not run ,  Not run ,                   Not run ,                 Not run ,                  Not run ,  Not run ,   Not run ,          0.001798 ,          0.002354 ,              0.020911 ,         0.001078 ,         0.001155 ,             0.002857 ,           Not run ,          Not run ,  Not run ,  Not run ,  Not run ,  Not run ,                   Not run
Basic_MULTI_REDUCE          ,  Not run ,   Not run ,           Not run ,          Not run ,          0.001566 ,         0.002471 ,           Not run ,          Not run ,  Not run ,  Not run ,  Not run ,  Not run ,                   Not run ,                 Not run ,                  Not run ,  Not run ,   Not run ,           Not run ,           Not run ,               Not run ,          Not run ,          Not run ,              Not run ,          0.001623 ,         0.001588 ,  Not run ,  Not run ,  Not run ,  Not run ,                   Not run
Lcals_DIFF_PREDICT          ,  Not run ,  0.040505 ,           Not run ,          Not run ,           Not run ,          Not run ,           Not run ,          Not run ,  Not run ,  Not run ,  Not run ,  Not run ,                   Not run ,                 Not run ,                  Not run ,  Not run ,  0.040133 ,           Not run ,           Not run ,               Not run ,          Not run ,          Not run ,              Not run ,           Not run ,          Not run ,  Not run ,  Not run ,  Not run ,  Not run ,                   Not run
Lcals_EOS                   ,  Not run ,  0.017653 ,           Not run ,          Not run ,           Not run ,          Not run ,           Not run ,          Not run ,  Not run ,  Not run ,  Not run ,  Not run ,                   Not run ,                 Not run ,                  Not run ,  Not run ,  0.017778 ,           Not run ,           Not run ,               Not run ,          Not run ,          Not run ,              Not run ,           Not run ,          Not run ,  Not run ,  Not run ,  Not run ,  Not run ,                   Not run
Lcals_FIRST_DIFF            ,  Not run ,  0.038079 ,           Not run ,          Not run ,           Not run ,          Not run ,           Not run ,          Not run ,  Not run ,  Not run ,  Not run ,  Not run ,                   Not run ,                 Not run ,                  Not run ,  Not run ,  0.037971 ,           Not run ,           Not run ,               Not run ,          Not run ,          Not run ,              Not run ,           Not run ,          Not run ,  Not run ,  Not run ,  Not run ,  Not run ,                   Not run
Lcals_FIRST_MIN             ,  Not run ,   Not run ,           Not run ,          Not run ,           Not run ,          Not run ,          0.003842 ,         0.004951 ,  Not run ,  Not run ,  Not run ,  Not run ,                   Not run ,                 Not run ,                  Not run ,  Not run ,   Not run ,           Not run ,          0.005791 ,              0.048581 ,          Not run ,         0.002577 ,             0.006480 ,           Not run ,          Not run ,  Not run ,  Not run ,  Not run ,  Not run ,                   Not run
Lcals_FIRST_SUM             ,  Not run ,  0.039028 ,           Not run ,          Not run ,           Not run ,          Not run ,           Not run ,          Not run ,  Not run ,  Not run ,  Not run ,  Not run ,                   Not run ,                 Not run ,                  Not run ,  Not run ,  0.038969 ,           Not run ,           Not run ,               Not run ,          Not run ,          Not run ,              Not run ,           Not run ,          Not run ,  Not run ,  Not run ,  Not run ,  Not run ,                   Not run
Lcals_GEN_LIN_RECUR         ,  Not run ,  0.053722 ,           Not run ,          Not run ,           Not run ,          Not run ,           Not run ,          Not run ,  Not run ,  Not run ,  Not run ,  Not run ,                   Not run ,                 Not run ,                  Not run ,  Not run ,  0.059657 ,           Not run ,           Not run ,               Not run ,          Not run ,          Not run ,              Not run ,           Not run ,          Not run ,  Not run ,  Not run ,  Not run ,  Not run ,                   Not run
Lcals_HYDRO_1D              ,  Not run ,  0.032966 ,           Not run ,          Not run ,           Not run ,          Not run ,           Not run ,          Not run ,  Not run ,  Not run ,  Not run ,  Not run ,                   Not run ,                 Not run ,                  Not run ,  Not run ,  0.032943 ,           Not run ,           Not run ,               Not run ,          Not run ,          Not run ,              Not run ,           Not run ,          Not run ,  Not run ,  Not run ,  Not run ,  Not run ,                   Not run
Lcals_HYDRO_2D              ,  Not run ,  0.028889 ,           Not run ,          Not run ,           Not run ,          Not run ,           Not run ,          Not run ,  Not run ,  Not run ,  Not run ,  Not run ,                   Not run ,                 Not run ,                  Not run ,  Not run ,  0.029511 ,           Not run ,           Not run ,               Not run ,          Not run ,          Not run ,              Not run ,           Not run ,          Not run ,  Not run ,  Not run ,  Not run ,  Not run ,                   Not run
Lcals_INT_PREDICT           ,  Not run ,  0.043742 ,           Not run ,          Not run ,           Not run ,          Not run ,           Not run ,          Not run ,  Not run ,  Not run ,  Not run ,  Not run ,                   Not run ,                 Not run ,                  Not run ,  Not run ,  0.046572 ,           Not run ,           Not run ,               Not run ,          Not run ,          Not run ,              Not run ,           Not run ,          Not run ,  Not run ,  Not run ,  Not run ,  Not run ,                   Not run
Lcals_PLANCKIAN             ,  Not run ,  0.003587 ,           Not run ,          Not run ,           Not run ,          Not run ,           Not run ,          Not run ,  Not run ,  Not run ,  Not run ,  Not run ,                   Not run ,                 Not run ,                  Not run ,  Not run ,  0.003574 ,           Not run ,           Not run ,               Not run ,          Not run ,          Not run ,              Not run ,           Not run ,          Not run ,  Not run ,  Not run ,  Not run ,  Not run ,                   Not run
Lcals_TRIDIAG_ELIM          ,  Not run ,  0.035871 ,           Not run ,          Not run ,           Not run ,          Not run ,           Not run ,          Not run ,  Not run ,  Not run ,  Not run ,  Not run ,                   Not run ,                 Not run ,                  Not run ,  Not run ,  0.035530 ,           Not run ,           Not run ,               Not run ,          Not run ,          Not run ,              Not run ,           Not run ,          Not run ,  Not run ,  Not run ,  Not run ,  Not run ,                   Not run
Polybench_2MM               ,  Not run ,  0.043815 ,           Not run ,          Not run ,           Not run ,          Not run ,           Not run ,          Not run ,  Not run ,  Not run ,  Not run ,  Not run ,                   Not run ,                 Not run ,                  Not run ,  Not run ,  0.043648 ,           Not run ,           Not run ,               Not run ,          Not run ,          Not run ,              Not run ,           Not run ,          Not run ,  Not run ,  Not run ,  Not run ,  Not run ,                   Not run
Polybench_3MM               ,  Not run ,  0.066959 ,           Not run ,          Not run ,           Not run ,          Not run ,           Not run ,          Not run ,  Not run ,  Not run ,  Not run ,  Not run ,                   Not run ,                 Not run ,                  Not run ,  Not run ,  0.066608 ,           Not run ,           Not run ,               Not run ,          Not run ,          Not run ,              Not run ,           Not run ,          Not run ,  Not run ,  Not run ,  Not run ,  Not run ,                   Not run
Polybench_ADI               ,  Not run ,  0.077146 ,           Not run ,          Not run ,           Not run ,          Not run ,           Not run ,          Not run ,  Not run ,  Not run ,  Not run ,  Not run ,                   Not run ,                 Not run ,                  Not run ,  Not run ,  0.110775 ,           Not run ,           Not run ,               Not run ,          Not run ,          Not run ,              Not run ,           Not run ,          Not run ,  Not run ,  Not run ,  Not run ,  Not run ,                   Not run
Polybench_ATAX              ,  Not run ,  0.110718 ,           Not run ,          Not run ,           Not run ,          Not run ,           Not run ,          Not run ,  Not run ,  Not run ,  Not run ,  Not run ,                   Not run ,                 Not run ,                  Not run ,  Not run ,  0.118801 ,           Not run ,           Not run ,               Not run ,          Not run ,          Not run ,              Not run ,           Not run ,          Not run ,  Not run ,  Not run ,  Not run ,  Not run ,                   Not run
Polybench_FDTD_2D           ,  Not run ,  0.053168 ,           Not run ,          Not run ,           Not run ,          Not run ,           Not run ,          Not run ,  Not run ,  Not run ,  Not run ,  Not run ,                   Not run ,                 Not run ,                  Not run ,  Not run ,  0.056336 ,           Not run ,           Not run ,               Not run ,          Not run ,          Not run ,              Not run ,           Not run ,          Not run ,  Not run ,  Not run ,  Not run ,  Not run ,                   Not run
Polybench_FLOYD_WARSHALL    ,  Not run ,  0.328327 ,           Not run ,          Not run ,           Not run ,          Not run ,           Not run ,          Not run ,  Not run ,  Not run ,  Not run ,  Not run ,                   Not run ,                 Not run ,                  Not run ,  Not run ,  0.336400 ,           Not run ,           Not run ,               Not run ,          Not run ,          Not run ,              Not run ,           Not run ,          Not run ,  Not run ,  Not run ,  Not run ,  Not run ,                   Not run
Polybench_GEMM              ,  Not run ,  0.049706 ,           Not run ,          Not run ,           Not run ,          Not run ,           Not run ,          Not run ,  Not run ,  Not run ,  Not run ,  Not run ,                   Not run ,                 Not run ,                  Not run ,  Not run ,  0.049936 ,           Not run ,           Not run ,               Not run ,          Not run ,          Not run ,              Not run ,           Not run ,          Not run ,  Not run ,  Not run ,  Not run ,  Not run ,                   Not run
Polybench_GEMVER            ,  Not run ,  0.022614 ,           Not run ,          Not run ,           Not run ,          Not run ,           Not run ,          Not run ,  Not run ,  Not run ,  Not run ,  Not run ,                   Not run ,                 Not run ,                  Not run ,  Not run ,  0.024299 ,           Not run ,           Not run ,               Not run ,          Not run ,          Not run ,              Not run ,           Not run ,          Not run ,  Not run ,  Not run ,  Not run ,  Not run ,                   Not run
Polybench_GESUMMV           ,  Not run ,  0.139500 ,           Not run ,          Not run ,           Not run ,          Not run ,           Not run ,          Not run ,  Not run ,  Not run ,  Not run ,  Not run ,                   Not run ,                 Not run ,                  Not run ,  Not run ,  0.139727 ,           Not run ,           Not run ,               Not run ,          Not run ,          Not run ,              Not run ,           Not run ,          Not run ,  Not run ,  Not run ,  Not run ,  Not run ,                   Not run
Polybench_HEAT_3D           ,  Not run ,  0.030072 ,           Not run ,          Not run ,           Not run ,          Not run ,           Not run ,          Not run ,  Not run ,  Not run ,  Not run ,  Not run ,                   Not run ,                 Not run ,                  Not run ,  Not run ,  0.030162 ,           Not run ,           Not run ,               Not run ,          Not run ,          Not run ,              Not run ,           Not run ,          Not run ,  Not run ,  Not run ,  Not run ,  Not run ,                   Not run
Polybench_JACOBI_1D         ,  Not run ,  0.068052 ,           Not run ,          Not run ,           Not run ,          Not run ,           Not run ,          Not run ,  Not run ,  Not run ,  Not run ,  Not run ,                   Not run ,                 Not run ,                  Not run ,  Not run ,  0.066411 ,           Not run ,           Not run ,               Not run ,          Not run ,          Not run ,              Not run ,           Not run ,          Not run ,  Not run ,  Not run ,  Not run ,  Not run ,                   Not run
Polybench_JACOBI_2D         ,  Not run ,  0.121660 ,           Not run ,          Not run ,           Not run ,          Not run ,           Not run ,          Not run ,  Not run ,  Not run ,  Not run ,  Not run ,                   Not run ,                 Not run ,                  Not run ,  Not run ,  0.124370 ,           Not run ,           Not run ,               Not run ,          Not run ,          Not run ,              Not run ,           Not run ,          Not run ,  Not run ,  Not run ,  Not run ,  Not run ,                   Not run
Polybench_MVT               ,  Not run ,  0.106231 ,           Not run ,          Not run ,           Not run ,          Not run ,           Not run ,          Not run ,  Not run ,  Not run ,  Not run ,  Not run ,                   Not run ,                 Not run ,                  Not run ,  Not run ,  0.115575 ,           Not run ,           Not run ,               Not run ,          Not run ,          Not run ,              Not run ,           Not run ,          Not run ,  Not run ,  Not run ,  Not run ,  Not run ,                   Not run
Stream_ADD                  ,  Not run ,  0.029226 ,           Not run ,          Not run ,           Not run ,          Not run ,           Not run ,          Not run ,  Not run ,  Not run ,  Not run ,  Not run ,                   Not run ,                 Not run ,                  Not run ,  Not run ,  0.028853 ,           Not run ,           Not run ,               Not run ,          Not run ,          Not run ,              Not run ,           Not run ,          Not run ,  Not run ,  Not run ,  Not run ,  Not run ,                   Not run
Stream_COPY                 ,  Not run ,  0.033489 ,           Not run ,          Not run ,           Not run ,          Not run ,           Not run ,          Not run ,  Not run ,  Not run ,  Not run ,  Not run ,                   Not run ,                 Not run ,                  Not run ,  Not run ,  0.033647 ,           Not run ,           Not run ,               Not run ,          Not run ,          Not run ,              Not run ,           Not run ,          Not run ,  Not run ,  Not run ,  Not run ,  Not run ,                   Not run
Stream_DOT                  ,  Not run ,   Not run ,          0.323191 ,         0.094759 ,           Not run ,          Not run ,           Not run ,          Not run ,  Not run ,  Not run ,  Not run ,  Not run ,                   Not run ,                 Not run ,                  Not run ,  Not run ,   Not run ,          0.076571 ,          0.101135 ,              1.006234 ,         0.060355 ,         0.064822 ,             0.152108 ,           Not run ,          Not run ,  Not run ,  Not run ,  Not run ,  Not run ,                   Not run
Stream_MUL                  ,  Not run ,  0.033689 ,           Not run ,          Not run ,           Not run ,          Not run ,           Not run ,          Not run ,  Not run ,  Not run ,  Not run ,  Not run ,                   Not run ,                 Not run ,                  Not run ,  Not run ,  0.033771 ,           Not run ,           Not run ,               Not run ,          Not run ,          Not run ,              Not run ,           Not run ,          Not run ,  Not run ,  Not run ,  Not run ,  Not run ,                   Not run
Stream_TRIAD                ,  Not run ,  0.028988 ,           Not run ,          Not run ,           Not run ,          Not run ,           Not run ,          Not run ,  Not run ,  Not run ,  Not run ,  Not run ,                   Not run ,                 Not run ,                  Not run ,  Not run ,  0.029293 ,           Not run ,           Not run ,               Not run ,          Not run ,          Not run ,              Not run ,           Not run ,          Not run ,  Not run ,  Not run ,  Not run ,  Not run ,                   Not run
Apps_CONVECTION3DPA         ,  Not run ,   Not run ,           Not run ,          Not run ,           Not run ,          Not run ,           Not run ,          Not run , 0.005568 ,  Not run ,  Not run ,  Not run ,                   Not run ,                 Not run ,                  Not run ,  Not run ,   Not run ,           Not run ,           Not run ,               Not run ,          Not run ,          Not run ,              Not run ,           Not run ,          Not run , 0.005082 ,  Not run ,  Not run ,  Not run ,                   Not run
Apps_DEL_DOT_VEC_2D         ,  Not run ,  0.009234 ,           Not run ,          Not run ,           Not run ,          Not run ,           Not run ,          Not run ,  Not run ,  Not run ,  Not run ,  Not run ,                   Not run ,                 Not run ,                  Not run ,  Not run ,  0.009179 ,           Not run ,           Not run ,               Not run ,          Not run ,          Not run ,              Not run ,           Not run ,          Not run ,  Not run ,  Not run ,  Not run ,  Not run ,                   Not run
Apps_DIFFUSION3DPA          ,  Not run ,   Not run ,           Not run ,          Not run ,           Not run ,          Not run ,           Not run ,          Not run , 0.007346 ,  Not run ,  Not run ,  Not run ,                   Not run ,                 Not run ,                  Not run ,  Not run ,   Not run ,           Not run ,           Not run ,               Not run ,          Not run ,          Not run ,              Not run ,           Not run ,          Not run , 0.005966 ,  Not run ,  Not run ,  Not run ,                   Not run
Apps_EDGE3D                 ,  Not run ,  0.413040 ,           Not run ,          Not run ,           Not run ,          Not run ,           Not run ,          Not run ,  Not run ,  Not run ,  Not run ,  Not run ,                   Not run ,                 Not run ,                  Not run ,  Not run ,  0.410061 ,           Not run ,           Not run ,               Not run ,          Not run ,          Not run ,              Not run ,           Not run ,          Not run ,  Not run ,  Not run ,  Not run ,  Not run ,                   Not run
Apps_ENERGY                 ,  Not run ,  0.034820 ,           Not run ,          Not run ,           Not run ,          Not run ,           Not run ,          Not run ,  Not run ,  Not run ,  Not run ,  Not run ,                   Not run ,                 Not run ,                  Not run ,  Not run ,  0.035735 ,           Not run ,           Not run ,               Not run ,          Not run ,          Not run ,              Not run ,           Not run ,          Not run ,  Not run ,  Not run ,  Not run ,  Not run ,                   Not run
Apps_FIR                    ,  Not run ,  0.011230 ,           Not run ,          Not run ,           Not run ,          Not run ,           Not run ,          Not run ,  Not run ,  Not run ,  Not run ,  Not run ,                   Not run ,                 Not run ,                  Not run ,  Not run ,  0.011270 ,           Not run ,           Not run ,               Not run ,          Not run ,          Not run ,              Not run ,           Not run ,          Not run ,  Not run ,  Not run ,  Not run ,  Not run ,                   Not run
Apps_LTIMES                 ,  Not run ,  0.019551 ,           Not run ,          Not run ,           Not run ,          Not run ,           Not run ,          Not run ,  Not run ,  Not run ,  Not run ,  Not run ,                   Not run ,                 Not run ,                  Not run ,  Not run ,  0.023295 ,           Not run ,           Not run ,               Not run ,          Not run ,          Not run ,              Not run ,           Not run ,          Not run ,  Not run ,  Not run ,  Not run ,  Not run ,                   Not run
Apps_LTIMES_NOVIEW          ,  Not run ,  0.019563 ,           Not run ,          Not run ,           Not run ,          Not run ,           Not run ,          Not run ,  Not run ,  Not run ,  Not run ,  Not run ,                   Not run ,                 Not run ,                  Not run ,  Not run ,  0.023284 ,           Not run ,           Not run ,               Not run ,          Not run ,          Not run ,              Not run ,           Not run ,          Not run ,  Not run ,  Not run ,  Not run ,  Not run ,                   Not run
Apps_MASS3DEA               ,  Not run ,   Not run ,           Not run ,          Not run ,           Not run ,          Not run ,           Not run ,          Not run , 0.000278 ,  Not run ,  Not run ,  Not run ,                   Not run ,                 Not run ,                  Not run ,  Not run ,   Not run ,           Not run ,           Not run ,               Not run ,          Not run ,          Not run ,              Not run ,           Not run ,          Not run , 0.000986 ,  Not run ,  Not run ,  Not run ,                   Not run
Apps_MASS3DPA               ,  Not run ,   Not run ,           Not run ,          Not run ,           Not run ,          Not run ,           Not run ,          Not run ,  Not run , 0.003357 ,  Not run ,  Not run ,                   Not run ,                 Not run ,                  Not run ,  Not run ,   Not run ,           Not run ,           Not run ,               Not run ,          Not run ,          Not run ,              Not run ,           Not run ,          Not run ,  Not run , 0.003330 ,  Not run ,  Not run ,                   Not run
Apps_MATVEC_3D_STENCIL      ,  Not run ,  0.031191 ,           Not run ,          Not run ,           Not run ,          Not run ,           Not run ,          Not run ,  Not run ,  Not run ,  Not run ,  Not run ,                   Not run ,                 Not run ,                  Not run ,  Not run ,  0.031405 ,           Not run ,           Not run ,               Not run ,          Not run ,          Not run ,              Not run ,           Not run ,          Not run ,  Not run ,  Not run ,  Not run ,  Not run ,                   Not run
Apps_NODAL_ACCUMULATION_3D  ,  Not run ,  0.017032 ,           Not run ,          Not run ,           Not run ,          Not run ,           Not run ,          Not run ,  Not run ,  Not run ,  Not run ,  Not run ,                   Not run ,                 Not run ,                  Not run ,  Not run ,  0.017046 ,           Not run ,           Not run ,               Not run ,          Not run ,          Not run ,              Not run ,           Not run ,          Not run ,  Not run ,  Not run ,  Not run ,  Not run ,                   Not run
Apps_PRESSURE               ,  Not run ,  0.054811 ,           Not run ,          Not run ,           Not run ,          Not run ,           Not run ,          Not run ,  Not run ,  Not run ,  Not run ,  Not run ,                   Not run ,                 Not run ,                  Not run ,  Not run ,  0.053223 ,           Not run ,           Not run ,               Not run ,          Not run ,          Not run ,              Not run ,           Not run ,          Not run ,  Not run ,  Not run ,  Not run ,  Not run ,                   Not run
Apps_VOL3D                  ,  Not run ,  0.010977 ,           Not run ,          Not run ,           Not run ,          Not run ,           Not run ,          Not run ,  Not run ,  Not run ,  Not run ,  Not run ,                   Not run ,                 Not run ,                  Not run ,  Not run ,  0.011406 ,           Not run ,           Not run ,               Not run ,          Not run ,          Not run ,              Not run ,           Not run ,          Not run ,  Not run ,  Not run ,  Not run ,  Not run ,                   Not run
Apps_ZONAL_ACCUMULATION_3D  ,  Not run ,  0.004069 ,           Not run ,          Not run ,           Not run ,          Not run ,           Not run ,          Not run ,  Not run ,  Not run ,  Not run ,  Not run ,                   Not run ,                 Not run ,                  Not run ,  Not run ,  0.004057 ,           Not run ,           Not run ,               Not run ,          Not run ,          Not run ,              Not run ,           Not run ,          Not run ,  Not run ,  Not run ,  Not run ,  Not run ,                   Not run
Algorithm_SCAN              ,  Not run ,  0.018852 ,           Not run ,          Not run ,           Not run ,          Not run ,           Not run ,          Not run ,  Not run ,  Not run , 0.008829 ,  Not run ,                   Not run ,                 Not run ,                  Not run ,  Not run ,   Not run ,           Not run ,           Not run ,               Not run ,          Not run ,          Not run ,              Not run ,           Not run ,          Not run ,  Not run ,  Not run , 0.008935 ,  Not run ,                   Not run
Algorithm_SORT              ,  Not run ,   Not run ,           Not run ,          Not run ,           Not run ,          Not run ,           Not run ,          Not run ,  Not run ,  Not run ,  Not run ,  Not run ,                   Not run ,                 Not run ,                  Not run , 0.010300 ,   Not run ,           Not run ,           Not run ,               Not run ,          Not run ,          Not run ,              Not run ,           Not run ,          Not run ,  Not run ,  Not run ,  Not run ,  Not run ,                   Not run
Algorithm_SORTPAIRS         ,  Not run ,   Not run ,           Not run ,          Not run ,           Not run ,          Not run ,           Not run ,          Not run ,  Not run ,  Not run ,  Not run ,  Not run ,                   Not run ,                 Not run ,                  Not run , 0.012876 ,   Not run ,           Not run ,           Not run ,               Not run ,          Not run ,          Not run ,              Not run ,           Not run ,          Not run ,  Not run ,  Not run ,  Not run ,  Not run ,                   Not run
Algorithm_REDUCE_SUM        ,  Not run ,   Not run ,          0.008181 ,         0.002418 ,           Not run ,          Not run ,           Not run ,          Not run ,  Not run ,  Not run , 0.001184 ,  Not run ,                   Not run ,                 Not run ,                  Not run ,  Not run ,   Not run ,          0.001750 ,          0.002469 ,              0.023288 ,         0.001158 ,         0.001248 ,             0.003174 ,           Not run ,          Not run ,  Not run ,  Not run ,  Not run ,  Not run ,                   Not run
Algorithm_MEMSET            ,  Not run ,  0.001337 ,           Not run ,          Not run ,           Not run ,          Not run ,           Not run ,          Not run ,  Not run ,  Not run ,  Not run , 0.001173 ,                   Not run ,                 Not run ,                  Not run ,  Not run ,  0.001334 ,           Not run ,           Not run ,               Not run ,          Not run ,          Not run ,              Not run ,           Not run ,          Not run ,  Not run ,  Not run ,  Not run , 0.001175 ,                   Not run
Algorithm_MEMCPY            ,  Not run ,  0.002032 ,           Not run ,          Not run ,           Not run ,          Not run ,           Not run ,          Not run ,  Not run ,  Not run ,  Not run , 0.001793 ,                   Not run ,                 Not run ,                  Not run ,  Not run ,  0.001992 ,           Not run ,           Not run ,               Not run ,          Not run ,          Not run ,              Not run ,           Not run ,          Not run ,  Not run ,  Not run ,  Not run , 0.001799 ,                   Not run
Algorithm_ATOMIC            ,  Not run ,   Not run ,           Not run ,          Not run ,           Not run ,          Not run ,           Not run ,          Not run ,  Not run ,  Not run ,  Not run ,  Not run ,                  0.001071 ,                0.000486 ,                 0.000491 ,  Not run ,   Not run ,           Not run ,           Not run ,               Not run ,          Not run ,          Not run ,              Not run ,           Not run ,          Not run ,  Not run ,  Not run ,  Not run ,  Not run ,                  0.001055
Algorithm_HISTOGRAM         ,  Not run ,   Not run ,           Not run ,          Not run ,          0.001139 ,         0.002395 ,           Not run ,          Not run ,  Not run ,  Not run , 0.002632 ,  Not run ,                   Not run ,                 Not run ,                  Not run ,  Not run ,   Not run ,           Not run ,           Not run ,               Not run ,          Not run ,          Not run ,              Not run ,          0.001373 ,         0.001164 ,  Not run ,  Not run ,  Not run ,  Not run ,                   Not run
Comm_HALO_PACKING           ,  Not run ,  0.148312 ,           Not run ,          Not run ,           Not run ,          Not run ,           Not run ,          Not run ,  Not run ,  Not run ,  Not run ,  Not run ,                   Not run ,                 Not run ,                  Not run ,  Not run ,  0.138027 ,           Not run ,           Not run ,               Not run ,          Not run ,          Not run ,              Not run ,           Not run ,          Not run ,  Not run ,  Not run ,  Not run ,  Not run ,                   Not run
Comm_HALO_SENDRECV          , 0.066969 ,   Not run ,           Not run ,          Not run ,           Not run ,          Not run ,           Not run ,          Not run ,  Not run ,  Not run ,  Not run ,  Not run ,                   Not run ,                 Not run ,                  Not run ,  Not run ,   Not run ,           Not run ,           Not run ,               Not run ,          Not run ,          Not run ,              Not run ,           Not run ,          Not run ,  Not run ,  Not run ,  Not run ,  Not run ,                   Not run
Comm_HALO_EXCHANGE          ,  Not run ,  0.287782 ,           Not run ,          Not run ,           Not run ,          Not run ,           Not run ,          Not run ,  Not run ,  Not run ,  Not run ,  Not run ,                   Not run ,                 Not run ,                  Not run ,  Not run ,  0.273685 ,           Not run ,           Not run ,               Not run ,          Not run ,          Not run ,              Not run ,           Not run ,          Not run ,  Not run ,  Not run ,  Not run ,  Not run ,                   Not run
