Max Runtime Report (sec.)  ,  ,  ,  ,  ,  ,  ,  ,  ,  ,  ,  ,  ,  ,  ,  ,  ,  ,  ,  ,  ,  ,  ,  ,  ,  ,  ,  ,  ,  , 
Kernel                      , Base_HIP , Base_HIP  , Base_HIP          , Base_HIP         , Base_HIP          , Base_HIP         , Base_HIP          , Base_HIP         , Base_HIP , Base_HIP , Base_HIP , Base_HIP , Base_HIP                  , Base_HIP                , Base_HIP                 , RAJA_HIP , RAJA_HIP  , RAJA_HIP          , RAJA_HIP          , RAJA_HIP              , RAJA_HIP         , RAJA_HIP         , RAJA_HIP             , RAJA_HIP          , RAJA_HIP         , RAJA_HIP , RAJA_HIP , RAJA_HIP , RAJA_HIP , RAJA_HIP                 
Kernel                      , default  , block_256 , blkatm_direct_256 , blkatm_occgs_256 , atomic_direct_256 , atomic_occgs_256 , blkhst_direct_256 , blkhst_occgs_256 , block_64 , block_25 , rocprim  , library  , replicate_4096_global_256 , replicate_4096_warp_256 , replicate_4096_block_256 , default  , block_256 , blkatm_direct_256 , blkdev_direct_256 , blkdev_direct_new_256 , blkatm_occgs_256 , blkdev_occgs_256 , blkdev_occgs_new_256 , atomic_direct_256 , atomic_occgs_256 , block_64 , block_25 , rocprim  , library  , replicate_4096_global_256
Basic_ARRAY_OF_PTRS         ,  Not run ,  0.016865 ,           Not run ,          Not run ,           Not run ,          Not run ,           Not run ,          Not run ,  Not run ,  Not run ,  Not run ,  Not run ,                   Not run ,                 Not run ,                  Not run ,  Not run ,  0.017008 ,           Not run ,           Not run ,               Not run ,          Not run ,          Not run ,              Not run ,           Not run ,          Not run ,  Not run ,  Not run ,  Not run ,  Not run ,                   Not run
Basic_COPY8                 ,  Not run ,  0.010616 ,           Not run ,          Not run ,           Not run ,          Not run ,           Not run ,          Not run ,  Not run ,  Not run ,  Not run ,  Not run ,                   Not run ,                 Not run ,                  Not run ,  Not run ,  0.010602 ,           Not run ,           Not run ,               Not run ,          Not run ,          Not run ,              Not run ,           Not run ,          Not run ,  Not run ,  Not run ,  Not run ,  Not run ,                   Not run
Basic_DAXPY                 ,  Not run ,  0.019459 ,           Not run ,          Not run ,           Not run ,          Not run ,           Not run ,          Not run ,  Not run ,  Not run ,  Not run ,  Not run ,                   Not run ,                 Not run ,                  Not run ,  Not run ,  0.018676 ,           Not run ,           Not run ,               Not run ,          Not run ,          Not run ,              Not run ,           Not run ,          Not run ,  Not run ,  Not run ,  Not run ,  Not run ,                   Not run
Basic_DAXPY_ATOMIC          ,  Not run ,  0.010126 ,           Not run ,          Not run ,           Not run ,          Not run ,           Not run ,          Not run ,  Not run ,  Not run ,  Not run ,  Not run ,                   Not run ,                 Not run ,                  Not run ,  Not run ,  0.010194 ,           Not run ,           Not run ,               Not run ,          Not run ,          Not run ,              Not run ,           Not run ,          Not run ,  Not run ,  Not run ,  Not run ,  Not run ,                   Not run
Basic_IF_QUAD               ,  Not run ,  0.009421 ,           Not run ,          Not run ,           Not run ,          Not run ,           Not run ,          Not run ,  Not run ,  Not run ,  Not run ,  Not run ,                   Not run ,                 Not run ,                  Not run ,  Not run ,  0.009548 ,           Not run ,           Not run ,               Not run ,          Not run ,          Not run ,              Not run ,           Not run ,          Not run ,  Not run ,  Not run ,  Not run ,  Not run ,                   Not run
Basic_INDEXLIST             ,  Not run ,  0.017904 ,           Not run ,          Not run ,           Not run ,          Not run ,           Not run ,          Not run ,  Not run ,  Not run ,  Not run ,  Not run ,                   Not run ,                 Not run ,                  Not run ,  Not run ,   Not run ,           Not run ,           Not run ,               Not run ,          Not run ,          Not run ,              Not run ,           Not run ,          Not run ,  Not run ,  Not run ,  Not run ,  Not run ,                   Not run
Basic_INDEXLIST_3LOOP       ,  Not run ,  0.014178 ,           Not run ,          Not run ,           Not run ,          Not run ,           Not run ,          Not run ,  Not run ,  Not run ,  Not run ,  Not run ,                   Not run ,                 Not run ,                  Not run ,  Not run ,  0.014124 ,           Not run ,           Not run ,               Not run ,          Not run ,          Not run ,              Not run ,           Not run ,          Not run ,  Not run ,  Not run ,  Not run ,  Not run ,                   Not run
Basic_INIT3                 ,  Not run ,  0.022507 ,           Not run ,          Not run ,           Not run ,          Not run ,           Not run ,          Not run ,  Not run ,  Not run ,  Not run ,  Not run ,                   Not run ,                 Not run ,                  Not run ,  Not run ,  0.022306 ,           Not run ,           Not run ,               Not run ,          Not run ,          Not run ,              Not run ,           Not run ,          Not run ,  Not run ,  Not run ,  Not run ,  Not run ,                   Not run
Basic_INIT_VIEW1D           ,  Not run ,  0.037260 ,           Not run ,          Not run ,           Not run ,          Not run ,           Not run ,          Not run ,  Not run ,  Not run ,  Not run ,  Not run ,                   Not run ,                 Not run ,                  Not run ,  Not run ,  0.037169 ,           Not run ,           Not run ,               Not run ,          Not run ,          Not run ,              Not run ,           Not run ,          Not run ,  Not run ,  Not run ,  Not run ,  Not run ,                   Not run
Basic_INIT_VIEW1D_OFFSET    ,  Not run ,  0.037264 ,           Not run ,          Not run ,           Not run ,          Not run ,           Not run ,          Not run ,  Not run ,  Not run ,  Not run ,  Not run ,                   Not run ,                 Not run ,                  Not run ,  Not run ,  0.037809 ,           Not run ,           Not run ,               Not run ,          Not run ,          Not run ,              Not run ,           Not run ,          Not run ,  Not run ,  Not run ,  Not run ,  Not run ,                   Not run
Basic_MAT_MAT_SHARED        ,  Not run ,  0.020488 ,           Not run ,          Not run ,           Not run ,          Not run ,           Not run ,          Not run ,  Not run ,  Not run ,  Not run ,  Not run ,                   Not run ,                 Not run ,                  Not run ,  Not run ,  0.020415 ,           Not run ,           Not run ,               Not run ,          Not run ,          Not run ,              Not run ,           Not run ,          Not run ,  Not run ,  Not run ,  Not run ,  Not run ,                   Not run
Basic_MULADDSUB             ,  Not run ,  0.017712 ,           Not run ,          Not run ,           Not run ,          Not run ,           Not run ,          Not run ,  Not run ,  Not run ,  Not run ,  Not run ,                   Not run ,                 Not run ,                  Not run ,  Not run ,  0.017812 ,           Not run ,           Not run ,               Not run ,          Not run ,          Not run ,              Not run ,           Not run ,          Not run ,  Not run ,  Not run ,  Not run ,  Not run ,                   Not run
Basic_NESTED_INIT           ,  Not run ,  0.020199 ,           Not run ,          Not run ,           Not run ,          Not run ,           Not run ,          Not run ,  Not run ,  Not run ,  Not run ,  Not run ,                   Not run ,                 Not run ,                  Not run ,  Not run ,  0.020598 ,           Not run ,           Not run ,               Not run ,          Not run ,          Not run ,              Not run ,           Not run ,          Not run ,  Not run ,  Not run ,  Not run ,  Not run ,                   Not run
Basic_PI_ATOMIC             ,  Not run ,  0.030329 ,           Not run ,          Not run ,           Not run ,          Not run ,           Not run ,          Not run ,  Not run ,  Not run ,  Not run ,  Not run ,                   Not run ,                 Not run ,                  Not run ,  Not run ,  0.030325 ,           Not run ,           Not run ,               Not run ,          Not run ,          Not run ,              Not run ,           Not run ,          Not run ,  Not run ,  Not run ,  Not run ,  Not run ,                   Not run
Basic_PI_REDUCE             ,  Not run ,   Not run ,          0.008187 ,         0.002455 ,           Not run ,          Not run ,           Not run ,          Not run ,  Not run ,  Not run ,  Not run ,  Not run ,                   Not run ,                 Not run ,                  Not run ,  Not run ,   Not run ,          0.001685 ,          0.002450 ,              0.020883 ,         0.000955 ,         0.001040 ,             0.002843 ,           Not run ,          Not run ,  Not run ,  Not run ,  Not run ,  Not run ,                   Not run
Basic_REDUCE3_INT           ,  Not run ,   Not run ,          0.021718 ,         0.003252 ,           Not run ,          Not run ,           Not run ,          Not run ,  Not run ,  Not run ,  Not run ,  Not run ,                   Not run ,                 Not run ,                  Not run ,  Not run ,   Not run ,          0.002729 ,          0.004997 ,              0.062414 ,         0.001118 ,         0.001336 ,             0.007054 ,           Not run ,          Not run ,  Not run ,  Not run ,  Not run ,  Not run ,                   Not run
Basic_REDUCE_STRUCT         ,  Not run ,   Not run ,          0.162876 ,         0.008600 ,           Not run ,          Not run ,           Not run ,          Not run ,  Not run ,  Not run ,  Not run ,  Not run ,                   Not run ,                 Not run ,                  Not run ,  Not run ,   Not run ,          0.008805 ,          0.009823 ,              0.128527 ,         0.002499 ,         0.002900 ,             0.014256 ,           Not run ,          Not run ,  Not run ,  Not run ,  Not run ,  Not run ,                   Not run
Basic_TRAP_INT              ,  Not run ,   Not run ,          0.008122 ,         0.002392 ,           Not run ,          Not run ,           Not run ,          Not run ,  Not run ,  Not run ,  Not run ,  Not run ,                   Not run ,                 Not run ,                  Not run ,  Not run ,   Not run ,          0.001949 ,          0.002524 ,              0.021083 ,         0.001139 ,         0.001198 ,             0.003053 ,           Not run ,          Not run ,  Not run ,  Not run ,  Not run ,  Not run ,                   Not run
Basic_MULTI_REDUCE          ,  Not run ,   Not run ,           Not run ,          Not run ,          0.001615 ,         0.002526 ,           Not run ,          Not run ,  Not run ,  Not run ,  Not run ,  Not run ,                   Not run ,                 Not run ,                  Not run ,  Not run ,   Not run ,           Not run ,           Not run ,               Not run ,          Not run ,          Not run ,              Not run ,          0.001646 ,         0.001614 ,  Not run ,  Not run ,  Not run ,  Not run ,                   Not run
Lcals_DIFF_PREDICT          ,  Not run ,  0.041110 ,           Not run ,          Not run ,           Not run ,          Not run ,           Not run ,          Not run ,  Not run ,  Not run ,  Not run ,  Not run ,                   Not run ,                 Not run ,                  Not run ,  Not run ,  0.040593 ,           Not run ,           Not run ,               Not run ,          Not run ,          Not run ,              Not run ,           Not run ,          Not run ,  Not run ,  Not run ,  Not run ,  Not run ,                   Not run
Lcals_EOS                   ,  Not run ,  0.017787 ,           Not run ,          Not run ,           Not run ,          Not run ,           Not run ,          Not run ,  Not run ,  Not run ,  Not run ,  Not run ,                   Not run ,                 Not run ,                  Not run ,  Not run ,  0.017874 ,           Not run ,           Not run ,               Not run ,          Not run ,          Not run ,              Not run ,           Not run ,          Not run ,  Not run ,  Not run ,  Not run ,  Not run ,                   Not run
Lcals_FIRST_DIFF            ,  Not run ,  0.039267 ,           Not run ,          Not run ,           Not run ,          Not run ,           Not run ,          Not run ,  Not run ,  Not run ,  Not run ,  Not run ,                   Not run ,                 Not run ,                  Not run ,  Not run ,  0.039488 ,           Not run ,           Not run ,               Not run ,          Not run ,          Not run ,              Not run ,           Not run ,          Not run ,  Not run ,  Not run ,  Not run ,  Not run ,                   Not run
Lcals_FIRST_MIN             ,  Not run ,   Not run ,           Not run ,          Not run ,           Not run ,          Not run ,          0.004015 ,         0.005007 ,  Not run ,  Not run ,  Not run ,  Not run ,                   Not run ,                 Not run ,                  Not run ,  Not run ,   Not run ,           Not run ,          0.006179 ,              0.048761 ,          Not run ,         0.002728 ,             0.006653 ,           Not run ,          Not run ,  Not run ,  Not run ,  Not run ,  Not run ,                   Not run
Lcals_FIRST_SUM             ,  Not run ,  0.041820 ,           Not run ,          Not run ,           Not run ,          Not run ,           Not run ,          Not run ,  Not run ,  Not run ,  Not run ,  Not run ,                   Not run ,                 Not run ,                  Not run ,  Not run ,  0.040817 ,           Not run ,           Not run ,               Not run ,          Not run ,          Not run ,              Not run ,           Not run ,          Not run ,  Not run ,  Not run ,  Not run ,  Not run ,                   Not run
Lcals_GEN_LIN_RECUR         ,  Not run ,  0.056548 ,           Not run ,          Not run ,           Not run ,          Not run ,           Not run ,          Not run ,  Not run ,  Not run ,  Not run ,  Not run ,                   Not run ,                 Not run ,                  Not run ,  Not run ,  0.062508 ,           Not run ,           Not run ,               Not run ,          Not run ,          Not run ,              Not run ,           Not run ,          Not run ,  Not run ,  Not run ,  Not run ,  Not run ,                   Not run
Lcals_HYDRO_1D              ,  Not run ,  0.035371 ,           Not run ,          Not run ,           Not run ,          Not run ,           Not run ,          Not run ,  Not run ,  Not run ,  Not run ,  Not run ,                   Not run ,                 Not run ,                  Not run ,  Not run ,  0.035804 ,           Not run ,           Not run ,               Not run ,          Not run ,          Not run ,              Not run ,           Not run ,          Not run ,  Not run ,  Not run ,  Not run ,  Not run ,                   Not run
Lcals_HYDRO_2D              ,  Not run ,  0.029268 ,           Not run ,          Not run ,           Not run ,          Not run ,           Not run ,          Not run ,  Not run ,  Not run ,  Not run ,  Not run ,                   Not run ,                 Not run ,                  Not run ,  Not run ,  0.030042 ,           Not run ,           Not run ,               Not run ,          Not run ,          Not run ,              Not run ,           Not run ,          Not run ,  Not run ,  Not run ,  Not run ,  Not run ,                   Not run
Lcals_INT_PREDICT           ,  Not run ,  0.044305 ,           Not run ,          Not run ,           Not run ,          Not run ,           Not run ,          Not run ,  Not run ,  Not run ,  Not run ,  Not run ,                   Not run ,                 Not run ,                  Not run ,  Not run ,  0.048232 ,           Not run ,           Not run ,               Not run ,          Not run ,          Not run ,              Not run ,           Not run ,          Not run ,  Not run ,  Not run ,  Not run ,  Not run ,                   Not run
Lcals_PLANCKIAN             ,  Not run ,  0.003830 ,           Not run ,          Not run ,           Not run ,          Not run ,           Not run ,          Not run ,  Not run ,  Not run ,  Not run ,  Not run ,                   Not run ,                 Not run ,                  Not run ,  Not run ,  0.003772 ,           Not run ,           Not run ,               Not run ,          Not run ,          Not run ,              Not run ,           Not run ,          Not run ,  Not run ,  Not run ,  Not run ,  Not run ,                   Not run
Lcals_TRIDIAG_ELIM          ,  Not run ,  0.037304 ,           Not run ,          Not run ,           Not run ,          Not run ,           Not run ,          Not run ,  Not run ,  Not run ,  Not run ,  Not run ,                   Not run ,                 Not run ,                  Not run ,  Not run ,  0.036082 ,           Not run ,           Not run ,               Not run ,          Not run ,          Not run ,              Not run ,           Not run ,          Not run ,  Not run ,  Not run ,  Not run ,  Not run ,                   Not run
Polybench_2MM               ,  Not run ,  0.044104 ,           Not run ,          Not run ,           Not run ,          Not run ,           Not run ,          Not run ,  Not run ,  Not run ,  Not run ,  Not run ,                   Not run ,                 Not run ,                  Not run ,  Not run ,  0.044191 ,           Not run ,           Not run ,               Not run ,          Not run ,          Not run ,              Not run ,           Not run ,          Not run ,  Not run ,  Not run ,  Not run ,  Not run ,                   Not run
Polybench_3MM               ,  Not run ,  0.067731 ,           Not run ,          Not run ,           Not run ,          Not run ,           Not run ,          Not run ,  Not run ,  Not run ,  Not run ,  Not run ,                   Not run ,                 Not run ,                  Not run ,  Not run ,  0.067044 ,           Not run ,           Not run ,               Not run ,          Not run ,          Not run ,              Not run ,           Not run ,          Not run ,  Not run ,  Not run ,  Not run ,  Not run ,                   Not run
Polybench_ADI               ,  Not run ,  0.077321 ,           Not run ,          Not run ,           Not run ,          Not run ,           Not run ,          Not run ,  Not run ,  Not run ,  Not run ,  Not run ,                   Not run ,                 Not run ,                  Not run ,  Not run ,  0.111003 ,           Not run ,           Not run ,               Not run ,          Not run ,          Not run ,              Not run ,           Not run ,          Not run ,  Not run ,  Not run ,  Not run ,  Not run ,                   Not run
Polybench_ATAX              ,  Not run ,  0.111797 ,           Not run ,          Not run ,           Not run ,          Not run ,           Not run ,          Not run ,  Not run ,  Not run ,  Not run ,  Not run ,                   Not run ,                 Not run ,                  Not run ,  Not run ,  0.119388 ,           Not run ,           Not run ,               Not run ,          Not run ,          Not run ,              Not run ,           Not run ,          Not run ,  Not run ,  Not run ,  Not run ,  Not run ,                   Not run
Polybench_FDTD_2D           ,  Not run ,  0.054163 ,           Not run ,          Not run ,           Not run ,          Not run ,           Not run ,          Not run ,  Not run ,  Not run ,  Not run ,  Not run ,                   Not run ,                 Not run ,                  Not run ,  Not run ,  0.057024 ,           Not run ,           Not run ,               Not run ,          Not run ,          Not run ,              Not run ,           Not run ,          Not run ,  Not run ,  Not run ,  Not run ,  Not run ,                   Not run
Polybench_FLOYD_WARSHALL    ,  Not run ,  0.329701 ,           Not run ,          Not run ,           Not run ,          Not run ,           Not run ,          Not run ,  Not run ,  Not run ,  Not run ,  Not run ,                   Not run ,                 Not run ,                  Not run ,  Not run ,  0.337161 ,           Not run ,           Not run ,               Not run ,          Not run ,          Not run ,              Not run ,           Not run ,          Not run ,  Not run ,  Not run ,  Not run ,  Not run ,                   Not run
Polybench_GEMM              ,  Not run ,  0.050697 ,           Not run ,          Not run ,           Not run ,          Not run ,           Not run ,          Not run ,  Not run ,  Not run ,  Not run ,  Not run ,                   Not run ,                 Not run ,                  Not run ,  Not run ,  0.050059 ,           Not run ,           Not run ,               Not run ,          Not run ,          Not run ,              Not run ,           Not run ,          Not run ,  Not run ,  Not run ,  Not run ,  Not run ,                   Not run
Polybench_GEMVER            ,  Not run ,  0.022805 ,           Not run ,          Not run ,           Not run ,          Not run ,           Not run ,          Not run ,  Not run ,  Not run ,  Not run ,  Not run ,                   Not run ,                 Not run ,                  Not run ,  Not run ,  0.024536 ,           Not run ,           Not run ,               Not run ,          Not run ,          Not run ,              Not run ,           Not run ,          Not run ,  Not run ,  Not run ,  Not run ,  Not run ,                   Not run
Polybench_GESUMMV           ,  Not run ,  0.141038 ,           Not run ,          Not run ,           Not run ,          Not run ,           Not run ,          Not run ,  Not run ,  Not run ,  Not run ,  Not run ,                   Not run ,                 Not run ,                  Not run ,  Not run ,  0.140832 ,           Not run ,           Not run ,               Not run ,          Not run ,          Not run ,              Not run ,           Not run ,          Not run ,  Not run ,  Not run ,  Not run ,  Not run ,                   Not run
Polybench_HEAT_3D           ,  Not run ,  0.030925 ,           Not run ,          Not run ,           Not run ,          Not run ,           Not run ,          Not run ,  Not run ,  Not run ,  Not run ,  Not run ,                   Not run ,                 Not run ,                  Not run ,  Not run ,  0.031635 ,           Not run ,           Not run ,               Not run ,          Not run ,          Not run ,              Not run ,           Not run ,          Not run ,  Not run ,  Not run ,  Not run ,  Not run ,                   Not run
Polybench_JACOBI_1D         ,  Not run ,  0.076719 ,           Not run ,          Not run ,           Not run ,          Not run ,           Not run ,          Not run ,  Not run ,  Not run ,  Not run ,  Not run ,                   Not run ,                 Not run ,                  Not run ,  Not run ,  0.074268 ,           Not run ,           Not run ,               Not run ,          Not run ,          Not run ,              Not run ,           Not run ,          Not run ,  Not run ,  Not run ,  Not run ,  Not run ,                   Not run
Polybench_JACOBI_2D         ,  Not run ,  0.132242 ,           Not run ,          Not run ,           Not run ,          Not run ,           Not run ,          Not run ,  Not run ,  Not run ,  Not run ,  Not run ,                   Not run ,                 Not run ,                  Not run ,  Not run ,  0.142739 ,           Not run ,           Not run ,               Not run ,          Not run ,          Not run ,              Not run ,           Not run ,          Not run ,  Not run ,  Not run ,  Not run ,  Not run ,                   Not run
Polybench_MVT               ,  Not run ,  0.106535 ,           Not run ,          Not run ,           Not run ,          Not run ,           Not run ,          Not run ,  Not run ,  Not run ,  Not run ,  Not run ,                   Not run ,                 Not run ,                  Not run ,  Not run ,  0.115986 ,           Not run ,           Not run ,               Not run ,          Not run ,          Not run ,              Not run ,           Not run ,          Not run ,  Not run ,  Not run ,  Not run ,  Not run ,                   Not run
Stream_ADD                  ,  Not run ,  0.030564 ,           Not run ,          Not run ,           Not run ,          Not run ,           Not run ,          Not run ,  Not run ,  Not run ,  Not run ,  Not run ,                   Not run ,                 Not run ,                  Not run ,  Not run ,  0.030652 ,           Not run ,           Not run ,               Not run ,          Not run ,          Not run ,              Not run ,           Not run ,          Not run ,  Not run ,  Not run ,  Not run ,  Not run ,                   Not run
Stream_COPY                 ,  Not run ,  0.034012 ,           Not run ,          Not run ,           Not run ,          Not run ,           Not run ,          Not run ,  Not run ,  Not run ,  Not run ,  Not run ,                   Not run ,                 Not run ,                  Not run ,  Not run ,  0.035825 ,           Not run ,           Not run ,               Not run ,          Not run ,          Not run ,              Not run ,           Not run ,          Not run ,  Not run ,  Not run ,  Not run ,  Not run ,                   Not run
Stream_DOT                  ,  Not run ,   Not run ,          0.323552 ,         0.095063 ,           Not run ,          Not run ,           Not run ,          Not run ,  Not run ,  Not run ,  Not run ,  Not run ,                   Not run ,                 Not run ,                  Not run ,  Not run ,   Not run ,          0.079693 ,          0.104642 ,              1.016184 ,         0.062116 ,         0.067524 ,             0.155981 ,           Not run ,          Not run ,  Not run ,  Not run ,  Not run ,  Not run ,                   Not run
Stream_MUL                  ,  Not run ,  0.035394 ,           Not run ,          Not run ,           Not run ,          Not run ,           Not run ,          Not run ,  Not run ,  Not run ,  Not run ,  Not run ,                   Not run ,                 Not run ,                  Not run ,  Not run ,  0.034121 ,           Not run ,           Not run ,               Not run ,          Not run ,          Not run ,              Not run ,           Not run ,          Not run ,  Not run ,  Not run ,  Not run ,  Not run ,                   Not run
Stream_TRIAD                ,  Not run ,  0.030951 ,           Not run ,          Not run ,           Not run ,          Not run ,           Not run ,          Not run ,  Not run ,  Not run ,  Not run ,  Not run ,                   Not run ,                 Not run ,                  Not run ,  Not run ,  0.030239 ,           Not run ,           Not run ,               Not run ,          Not run ,          Not run ,              Not run ,           Not run ,          Not run ,  Not run ,  Not run ,  Not run ,  Not run ,                   Not run
Apps_CONVECTION3DPA         ,  Not run ,   Not run ,           Not run ,          Not run ,           Not run ,          Not run ,           Not run ,          Not run , 0.005658 ,  Not run ,  Not run ,  Not run ,                   Not run ,                 Not run ,                  Not run ,  Not run ,   Not run ,           Not run ,           Not run ,               Not run ,          Not run ,          Not run ,              Not run ,           Not run ,          Not run , 0.005272 ,  Not run ,  Not run ,  Not run ,                   Not run
Apps_DEL_DOT_VEC_2D         ,  Not run ,  0.010322 ,           Not run ,          Not run ,           Not run ,          Not run ,           Not run ,          Not run ,  Not run ,  Not run ,  Not run ,  Not run ,                   Not run ,                 Not run ,                  Not run ,  Not run ,  0.010346 ,           Not run ,           Not run ,               Not run ,          Not run ,          Not run ,              Not run ,           Not run ,          Not run ,  Not run ,  Not run ,  Not run ,  Not run ,                   Not run
Apps_DIFFUSION3DPA          ,  Not run ,   Not run ,           Not run ,          Not run ,           Not run ,          Not run ,           Not run ,          Not run , 0.007577 ,  Not run ,  Not run ,  Not run ,                   Not run ,                 Not run ,                  Not run ,  Not run ,   Not run ,           Not run ,           Not run ,               Not run ,          Not run ,          Not run ,              Not run ,           Not run ,          Not run , 0.006090 ,  Not run ,  Not run ,  Not run ,                   Not run
Apps_EDGE3D                 ,  Not run ,  0.475420 ,           Not run ,          Not run ,           Not run ,          Not run ,           Not run ,          Not run ,  Not run ,  Not run ,  Not run ,  Not run ,                   Not run ,                 Not run ,                  Not run ,  Not run ,  0.414110 ,           Not run ,           Not run ,               Not run ,          Not run ,          Not run ,              Not run ,           Not run ,          Not run ,  Not run ,  Not run ,  Not run ,  Not run ,                   Not run
Apps_ENERGY                 ,  Not run ,  0.036325 ,           Not run ,          Not run ,           Not run ,          Not run ,           Not run ,          Not run ,  Not run ,  Not run ,  Not run ,  Not run ,                   Not run ,                 Not run ,                  Not run ,  Not run ,  0.037186 ,           Not run ,           Not run ,               Not run ,          Not run ,          Not run ,              Not run ,           Not run ,          Not run ,  Not run ,  Not run ,  Not run ,  Not run ,                   Not run
Apps_FIR                    ,  Not run ,  0.011549 ,           Not run ,          Not run ,           Not run ,          Not run ,           Not run ,          Not run ,  Not run ,  Not run ,  Not run ,  Not run ,                   Not run ,                 Not run ,                  Not run ,  Not run ,  0.011629 ,           Not run ,           Not run ,               Not run ,          Not run ,          Not run ,              Not run ,           Not run ,          Not run ,  Not run ,  Not run ,  Not run ,  Not run ,                   Not run
Apps_LTIMES                 ,  Not run ,  0.019668 ,           Not run ,          Not run ,           Not run ,          Not run ,           Not run ,          Not run ,  Not run ,  Not run ,  Not run ,  Not run ,                   Not run ,                 Not run ,                  Not run ,  Not run ,  0.023353 ,           Not run ,           Not run ,               Not run ,          Not run ,          Not run ,              Not run ,           Not run ,          Not run ,  Not run ,  Not run ,  Not run ,  Not run ,                   Not run
Apps_LTIMES_NOVIEW          ,  Not run ,  0.019674 ,           Not run ,          Not run ,           Not run ,          Not run ,           Not run ,          Not run ,  Not run ,  Not run ,  Not run ,  Not run ,                   Not run ,                 Not run ,                  Not run ,  Not run ,  0.023408 ,           Not run ,           Not run ,               Not run ,          Not run ,          Not run ,              Not run ,           Not run ,          Not run ,  Not run ,  Not run ,  Not run ,  Not run ,                   Not run
Apps_MASS3DEA               ,  Not run ,   Not run ,           Not run ,          Not run ,           Not run ,          Not run ,           Not run ,          Not run , 0.000300 ,  Not run ,  Not run ,  Not run ,                   Not run ,                 Not run ,                  Not run ,  Not run ,   Not run ,           Not run ,           Not run ,               Not run ,          Not run ,          Not run ,              Not run ,           Not run ,          Not run , 0.176668 ,  Not run ,  Not run ,  Not run ,                   Not run
Apps_MASS3DPA               ,  Not run ,   Not run ,           Not run ,          Not run ,           Not run ,          Not run ,           Not run ,          Not run ,  Not run , 0.003411 ,  Not run ,  Not run ,                   Not run ,                 Not run ,                  Not run ,  Not run ,   Not run ,           Not run ,           Not run ,               Not run ,          Not run ,          Not run ,              Not run ,           Not run ,          Not run ,  Not run , 0.003408 ,  Not run ,  Not run ,                   Not run
Apps_MATVEC_3D_STENCIL      ,  Not run ,  0.031682 ,           Not run ,          Not run ,           Not run ,          Not run ,           Not run ,          Not run ,  Not run ,  Not run ,  Not run ,  Not run ,                   Not run ,                 Not run ,                  Not run ,  Not run ,  0.031810 ,           Not run ,           Not run ,               Not run ,          Not run ,          Not run ,              Not run ,           Not run ,          Not run ,  Not run ,  Not run ,  Not run ,  Not run ,                   Not run
Apps_NODAL_ACCUMULATION_3D  ,  Not run ,  0.017176 ,           Not run ,          Not run ,           Not run ,          Not run ,           Not run ,          Not run ,  Not run ,  Not run ,  Not run ,  Not run ,                   Not run ,                 Not run ,                  Not run ,  Not run ,  0.017143 ,           Not run ,           Not run ,               Not run ,          Not run ,          Not run ,              Not run ,           Not run ,          Not run ,  Not run ,  Not run ,  Not run ,  Not run ,                   Not run
Apps_PRESSURE               ,  Not run ,  0.056794 ,           Not run ,          Not run ,           Not run ,          Not run ,           Not run ,          Not run ,  Not run ,  Not run ,  Not run ,  Not run ,                   Not run ,                 Not run ,                  Not run ,  Not run ,  0.055638 ,           Not run ,           Not run ,               Not run ,          Not run ,          Not run ,              Not run ,           Not run ,          Not run ,  Not run ,  Not run ,  Not run ,  Not run ,                   Not run
Apps_VOL3D                  ,  Not run ,  0.011209 ,           Not run ,          Not run ,           Not run ,          Not run ,           Not run ,          Not run ,  Not run ,  Not run ,  Not run ,  Not run ,                   Not run ,                 Not run ,                  Not run ,  Not run ,  0.011604 ,           Not run ,           Not run ,               Not run ,          Not run ,          Not run ,              Not run ,           Not run ,          Not run ,  Not run ,  Not run ,  Not run ,  Not run ,                   Not run
Apps_ZONAL_ACCUMULATION_3D  ,  Not run ,  0.004120 ,           Not run ,          Not run ,           Not run ,          Not run ,           Not run ,          Not run ,  Not run ,  Not run ,  Not run ,  Not run ,                   Not run ,                 Not run ,                  Not run ,  Not run ,  0.004137 ,           Not run ,           Not run ,               Not run ,          Not run ,          Not run ,              Not run ,           Not run ,          Not run ,  Not run ,  Not run ,  Not run ,  Not run ,                   Not run
Algorithm_SCAN              ,  Not run ,  0.018936 ,           Not run ,          Not run ,           Not run ,          Not run ,           Not run ,          Not run ,  Not run ,  Not run , 0.008927 ,  Not run ,                   Not run ,                 Not run ,                  Not run ,  Not run ,   Not run ,           Not run ,           Not run ,               Not run ,          Not run ,          Not run ,              Not run ,           Not run ,          Not run ,  Not run ,  Not run , 0.009045 ,  Not run ,                   Not run
Algorithm_SORT              ,  Not run ,   Not run ,           Not run ,          Not run ,           Not run ,          Not run ,           Not run ,          Not run ,  Not run ,  Not run ,  Not run ,  Not run ,                   Not run ,                 Not run ,                  Not run , 0.010412 ,   Not run ,           Not run ,           Not run ,               Not run ,          Not run ,          Not run ,              Not run ,           Not run ,          Not run ,  Not run ,  Not run ,  Not run ,  Not run ,                   Not run
Algorithm_SORTPAIRS         ,  Not run ,   Not run ,           Not run ,          Not run ,           Not run ,          Not run ,           Not run ,          Not run ,  Not run ,  Not run ,  Not run ,  Not run ,                   Not run ,                 Not run ,                  Not run , 0.014457 ,   Not run ,           Not run ,           Not run ,               Not run ,          Not run ,          Not run ,              Not run ,           Not run ,          Not run ,  Not run ,  Not run ,  Not run ,  Not run ,                   Not run
Algorithm_REDUCE_SUM        ,  Not run ,   Not run ,          0.008272 ,         0.002533 ,           Not run ,          Not run ,           Not run ,          Not run ,  Not run ,  Not run , 0.001243 ,  Not run ,                   Not run ,                 Not run ,                  Not run ,  Not run ,   Not run ,          0.001805 ,          0.002629 ,              0.023314 ,         0.001240 ,         0.001304 ,             0.003244 ,           Not run ,          Not run ,  Not run ,  Not run ,  Not run ,  Not run ,                   Not run
Algorithm_MEMSET            ,  Not run ,  0.001356 ,           Not run ,          Not run ,           Not run ,          Not run ,           Not run ,          Not run ,  Not run ,  Not run ,  Not run , 0.001195 ,                   Not run ,                 Not run ,                  Not run ,  Not run ,  0.001361 ,           Not run ,           Not run ,               Not run ,          Not run ,          Not run ,              Not run ,           Not run ,          Not run ,  Not run ,  Not run ,  Not run , 0.001198 ,                   Not run
Algorithm_MEMCPY            ,  Not run ,  0.002262 ,           Not run ,          Not run ,           Not run ,          Not run ,           Not run ,          Not run ,  Not run ,  Not run ,  Not run , 0.001817 ,                   Not run ,                 Not run ,                  Not run ,  Not run ,  0.002121 ,           Not run ,           Not run ,               Not run ,          Not run ,          Not run ,              Not run ,           Not run ,          Not run ,  Not run ,  Not run ,  Not run , 0.001818 ,                   Not run
Algorithm_ATOMIC            ,  Not run ,   Not run ,           Not run ,          Not run ,           Not run ,          Not run ,           Not run ,          Not run ,  Not run ,  Not run ,  Not run ,  Not run ,                  0.001189 ,                0.000493 ,                 0.000502 ,  Not run ,   Not run ,           Not run ,           Not run ,               Not run ,          Not run ,          Not run ,              Not run ,           Not run ,          Not run ,  Not run ,  Not run ,  Not run ,  Not run ,                  0.001175
Algorithm_HISTOGRAM         ,  Not run ,   Not run ,           Not run ,          Not run ,          0.001190 ,         0.002413 ,           Not run ,          Not run ,  Not run ,  Not run , 0.002702 ,  Not run ,                   Not run ,                 Not run ,                  Not run ,  Not run ,   Not run ,           Not run ,           Not run ,               Not run ,          Not run ,          Not run ,              Not run ,          0.001416 ,         0.001213 ,  Not run ,  Not run ,  Not run ,  Not run ,                   Not run
Comm_HALO_PACKING           ,  Not run ,  0.155131 ,           Not run ,          Not run ,           Not run ,          Not run ,           Not run ,          Not run ,  Not run ,  Not run ,  Not run ,  Not run ,                   Not run ,                 Not run ,                  Not run ,  Not run ,  0.143064 ,           Not run ,           Not run ,               Not run ,          Not run ,          Not run ,              Not run ,           Not run ,          Not run ,  Not run ,  Not run ,  Not run ,  Not run ,                   Not run
Comm_HALO_SENDRECV          , 0.075929 ,   Not run ,           Not run ,          Not run ,           Not run ,          Not run ,           Not run ,          Not run ,  Not run ,  Not run ,  Not run ,  Not run ,                   Not run ,                 Not run ,                  Not run ,  Not run ,   Not run ,           Not run ,           Not run ,               Not run ,          Not run ,          Not run ,              Not run ,           Not run ,          Not run ,  Not run ,  Not run ,  Not run ,  Not run ,                   Not run
Comm_HALO_EXCHANGE          ,  Not run ,  0.301327 ,           Not run ,          Not run ,           Not run ,          Not run ,           Not run ,          Not run ,  Not run ,  Not run ,  Not run ,  Not run ,                   Not run ,                 Not run ,                  Not run ,  Not run ,  0.278174 ,           Not run ,           Not run ,               Not run ,          Not run ,          Not run ,              Not run ,           Not run ,          Not run ,  Not run ,  Not run ,  Not run ,  Not run ,                   Not run
