Min Speedup Report (T_ref/T_var): ref var = Base_HIP  ,  ,  ,  ,  ,  ,  ,  ,  ,  ,  ,  ,  ,  ,  ,  ,  ,  ,  ,  ,  ,  ,  ,  ,  ,  ,  ,  ,  ,  , 
Kernel                      , Base_HIP , Base_HIP  , Base_HIP          , Base_HIP         , Base_HIP          , Base_HIP         , Base_HIP          , Base_HIP         , Base_HIP , Base_HIP , Base_HIP , Base_HIP , Base_HIP                  , Base_HIP                , Base_HIP                 , RAJA_HIP , RAJA_HIP  , RAJA_HIP          , RAJA_HIP          , RAJA_HIP              , RAJA_HIP         , RAJA_HIP         , RAJA_HIP             , RAJA_HIP          , RAJA_HIP         , RAJA_HIP , RAJA_HIP , RAJA_HIP , RAJA_HIP , RAJA_HIP                 
Kernel                      , default  , block_256 , blkatm_direct_256 , blkatm_occgs_256 , atomic_direct_256 , atomic_occgs_256 , blkhst_direct_256 , blkhst_occgs_256 , block_64 , block_25 , rocprim  , library  , replicate_4096_global_256 , replicate_4096_warp_256 , replicate_4096_block_256 , default  , block_256 , blkatm_direct_256 , blkdev_direct_256 , blkdev_direct_new_256 , blkatm_occgs_256 , blkdev_occgs_256 , blkdev_occgs_new_256 , atomic_direct_256 , atomic_occgs_256 , block_64 , block_25 , rocprim  , library  , replicate_4096_global_256
Basic_ARRAY_OF_PTRS         ,  Not run ,     1.000 ,           Not run ,          Not run ,           Not run ,          Not run ,           Not run ,          Not run ,  Not run ,  Not run ,  Not run ,  Not run ,                   Not run ,                 Not run ,                  Not run ,  Not run ,     1.005 ,           Not run ,           Not run ,               Not run ,          Not run ,          Not run ,              Not run ,           Not run ,          Not run ,  Not run ,  Not run ,  Not run ,  Not run ,                   Not run
Basic_COPY8                 ,  Not run ,     1.000 ,           Not run ,          Not run ,           Not run ,          Not run ,           Not run ,          Not run ,  Not run ,  Not run ,  Not run ,  Not run ,                   Not run ,                 Not run ,                  Not run ,  Not run ,     1.000 ,           Not run ,           Not run ,               Not run ,          Not run ,          Not run ,              Not run ,           Not run ,          Not run ,  Not run ,  Not run ,  Not run ,  Not run ,                   Not run
Basic_DAXPY                 ,  Not run ,     1.000 ,           Not run ,          Not run ,           Not run ,          Not run ,           Not run ,          Not run ,  Not run ,  Not run ,  Not run ,  Not run ,                   Not run ,                 Not run ,                  Not run ,  Not run ,     1.013 ,           Not run ,           Not run ,               Not run ,          Not run ,          Not run ,              Not run ,           Not run ,          Not run ,  Not run ,  Not run ,  Not run ,  Not run ,                   Not run
Basic_DAXPY_ATOMIC          ,  Not run ,     1.000 ,           Not run ,          Not run ,           Not run ,          Not run ,           Not run ,          Not run ,  Not run ,  Not run ,  Not run ,  Not run ,                   Not run ,                 Not run ,                  Not run ,  Not run ,     1.002 ,           Not run ,           Not run ,               Not run ,          Not run ,          Not run ,              Not run ,           Not run ,          Not run ,  Not run ,  Not run ,  Not run ,  Not run ,                   Not run
Basic_IF_QUAD               ,  Not run ,     1.000 ,           Not run ,          Not run ,           Not run ,          Not run ,           Not run ,          Not run ,  Not run ,  Not run ,  Not run ,  Not run ,                   Not run ,                 Not run ,                  Not run ,  Not run ,     1.002 ,           Not run ,           Not run ,               Not run ,          Not run ,          Not run ,              Not run ,           Not run ,          Not run ,  Not run ,  Not run ,  Not run ,  Not run ,                   Not run
Basic_INDEXLIST             ,  Not run ,     1.000 ,           Not run ,          Not run ,           Not run ,          Not run ,           Not run ,          Not run ,  Not run ,  Not run ,  Not run ,  Not run ,                   Not run ,                 Not run ,                  Not run ,  Not run ,   Not run ,           Not run ,           Not run ,               Not run ,          Not run ,          Not run ,              Not run ,           Not run ,          Not run ,  Not run ,  Not run ,  Not run ,  Not run ,                   Not run
Basic_INDEXLIST_3LOOP       ,  Not run ,     1.000 ,           Not run ,          Not run ,           Not run ,          Not run ,           Not run ,          Not run ,  Not run ,  Not run ,  Not run ,  Not run ,                   Not run ,                 Not run ,                  Not run ,  Not run ,     1.001 ,           Not run ,           Not run ,               Not run ,          Not run ,          Not run ,              Not run ,           Not run ,          Not run ,  Not run ,  Not run ,  Not run ,  Not run ,                   Not run
Basic_INIT3                 ,  Not run ,     1.000 ,           Not run ,          Not run ,           Not run ,          Not run ,           Not run ,          Not run ,  Not run ,  Not run ,  Not run ,  Not run ,                   Not run ,                 Not run ,                  Not run ,  Not run ,     1.001 ,           Not run ,           Not run ,               Not run ,          Not run ,          Not run ,              Not run ,           Not run ,          Not run ,  Not run ,  Not run ,  Not run ,  Not run ,                   Not run
Basic_INIT_VIEW1D           ,  Not run ,     1.000 ,           Not run ,          Not run ,           Not run ,          Not run ,           Not run ,          Not run ,  Not run ,  Not run ,  Not run ,  Not run ,                   Not run ,                 Not run ,                  Not run ,  Not run ,     1.004 ,           Not run ,           Not run ,               Not run ,          Not run ,          Not run ,              Not run ,           Not run ,          Not run ,  Not run ,  Not run ,  Not run ,  Not run ,                   Not run
Basic_INIT_VIEW1D_OFFSET    ,  Not run ,     1.000 ,           Not run ,          Not run ,           Not run ,          Not run ,           Not run ,          Not run ,  Not run ,  Not run ,  Not run ,  Not run ,                   Not run ,                 Not run ,                  Not run ,  Not run ,     0.982 ,           Not run ,           Not run ,               Not run ,          Not run ,          Not run ,              Not run ,           Not run ,          Not run ,  Not run ,  Not run ,  Not run ,  Not run ,                   Not run
Basic_MAT_MAT_SHARED        ,  Not run ,     1.000 ,           Not run ,          Not run ,           Not run ,          Not run ,           Not run ,          Not run ,  Not run ,  Not run ,  Not run ,  Not run ,                   Not run ,                 Not run ,                  Not run ,  Not run ,     1.001 ,           Not run ,           Not run ,               Not run ,          Not run ,          Not run ,              Not run ,           Not run ,          Not run ,  Not run ,  Not run ,  Not run ,  Not run ,                   Not run
Basic_MULADDSUB             ,  Not run ,     1.000 ,           Not run ,          Not run ,           Not run ,          Not run ,           Not run ,          Not run ,  Not run ,  Not run ,  Not run ,  Not run ,                   Not run ,                 Not run ,                  Not run ,  Not run ,     0.992 ,           Not run ,           Not run ,               Not run ,          Not run ,          Not run ,              Not run ,           Not run ,          Not run ,  Not run ,  Not run ,  Not run ,  Not run ,                   Not run
Basic_NESTED_INIT           ,  Not run ,     1.000 ,           Not run ,          Not run ,           Not run ,          Not run ,           Not run ,          Not run ,  Not run ,  Not run ,  Not run ,  Not run ,                   Not run ,                 Not run ,                  Not run ,  Not run ,     0.975 ,           Not run ,           Not run ,               Not run ,          Not run ,          Not run ,              Not run ,           Not run ,          Not run ,  Not run ,  Not run ,  Not run ,  Not run ,                   Not run
Basic_PI_ATOMIC             ,  Not run ,     1.000 ,           Not run ,          Not run ,           Not run ,          Not run ,           Not run ,          Not run ,  Not run ,  Not run ,  Not run ,  Not run ,                   Not run ,                 Not run ,                  Not run ,  Not run ,     1.002 ,           Not run ,           Not run ,               Not run ,          Not run ,          Not run ,              Not run ,           Not run ,          Not run ,  Not run ,  Not run ,  Not run ,  Not run ,                   Not run
Basic_PI_REDUCE             ,  Not run ,   Not run ,             1.000 ,            3.393 ,           Not run ,          Not run ,           Not run ,          Not run ,  Not run ,  Not run ,  Not run ,  Not run ,                   Not run ,                 Not run ,                  Not run ,  Not run ,   Not run ,             5.097 ,             3.718 ,                 0.392 ,            8.873 ,            8.049 ,                2.885 ,           Not run ,          Not run ,  Not run ,  Not run ,  Not run ,  Not run ,                   Not run
Basic_REDUCE3_INT           ,  Not run ,   Not run ,             1.000 ,            6.783 ,           Not run ,          Not run ,           Not run ,          Not run ,  Not run ,  Not run ,  Not run ,  Not run ,                   Not run ,                 Not run ,                  Not run ,  Not run ,   Not run ,             8.265 ,             4.437 ,                 0.350 ,           20.911 ,           16.538 ,                3.098 ,           Not run ,          Not run ,  Not run ,  Not run ,  Not run ,  Not run ,                   Not run
Basic_REDUCE_STRUCT         ,  Not run ,   Not run ,             1.000 ,           19.781 ,           Not run ,          Not run ,           Not run ,          Not run ,  Not run ,  Not run ,  Not run ,  Not run ,                   Not run ,                 Not run ,                  Not run ,  Not run ,   Not run ,            18.594 ,            16.796 ,                 1.262 ,           67.284 ,           58.110 ,               11.438 ,           Not run ,          Not run ,  Not run ,  Not run ,  Not run ,  Not run ,                   Not run
Basic_TRAP_INT              ,  Not run ,   Not run ,             1.000 ,            3.429 ,           Not run ,          Not run ,           Not run ,          Not run ,  Not run ,  Not run ,  Not run ,  Not run ,                   Not run ,                 Not run ,                  Not run ,  Not run ,   Not run ,             4.506 ,             3.443 ,                 0.388 ,            7.519 ,            7.017 ,                2.836 ,           Not run ,          Not run ,  Not run ,  Not run ,  Not run ,  Not run ,                   Not run
Basic_MULTI_REDUCE          ,  Not run ,   Not run ,           Not run ,          Not run ,             1.000 ,            0.634 ,           Not run ,          Not run ,  Not run ,  Not run ,  Not run ,  Not run ,                   Not run ,                 Not run ,                  Not run ,  Not run ,   Not run ,           Not run ,           Not run ,               Not run ,          Not run ,          Not run ,              Not run ,             0.965 ,            0.986 ,  Not run ,  Not run ,  Not run ,  Not run ,                   Not run
Lcals_DIFF_PREDICT          ,  Not run ,     1.000 ,           Not run ,          Not run ,           Not run ,          Not run ,           Not run ,          Not run ,  Not run ,  Not run ,  Not run ,  Not run ,                   Not run ,                 Not run ,                  Not run ,  Not run ,     1.009 ,           Not run ,           Not run ,               Not run ,          Not run ,          Not run ,              Not run ,           Not run ,          Not run ,  Not run ,  Not run ,  Not run ,  Not run ,                   Not run
Lcals_EOS                   ,  Not run ,     1.000 ,           Not run ,          Not run ,           Not run ,          Not run ,           Not run ,          Not run ,  Not run ,  Not run ,  Not run ,  Not run ,                   Not run ,                 Not run ,                  Not run ,  Not run ,     0.993 ,           Not run ,           Not run ,               Not run ,          Not run ,          Not run ,              Not run ,           Not run ,          Not run ,  Not run ,  Not run ,  Not run ,  Not run ,                   Not run
Lcals_FIRST_DIFF            ,  Not run ,     1.000 ,           Not run ,          Not run ,           Not run ,          Not run ,           Not run ,          Not run ,  Not run ,  Not run ,  Not run ,  Not run ,                   Not run ,                 Not run ,                  Not run ,  Not run ,     1.003 ,           Not run ,           Not run ,               Not run ,          Not run ,          Not run ,              Not run ,           Not run ,          Not run ,  Not run ,  Not run ,  Not run ,  Not run ,                   Not run
Lcals_FIRST_MIN             ,  Not run ,   Not run ,           Not run ,          Not run ,           Not run ,          Not run ,             1.000 ,            0.776 ,  Not run ,  Not run ,  Not run ,  Not run ,                   Not run ,                 Not run ,                  Not run ,  Not run ,   Not run ,           Not run ,             0.663 ,                 0.079 ,          Not run ,            1.491 ,                0.593 ,           Not run ,          Not run ,  Not run ,  Not run ,  Not run ,  Not run ,                   Not run
Lcals_FIRST_SUM             ,  Not run ,     1.000 ,           Not run ,          Not run ,           Not run ,          Not run ,           Not run ,          Not run ,  Not run ,  Not run ,  Not run ,  Not run ,                   Not run ,                 Not run ,                  Not run ,  Not run ,     1.002 ,           Not run ,           Not run ,               Not run ,          Not run ,          Not run ,              Not run ,           Not run ,          Not run ,  Not run ,  Not run ,  Not run ,  Not run ,                   Not run
Lcals_GEN_LIN_RECUR         ,  Not run ,     1.000 ,           Not run ,          Not run ,           Not run ,          Not run ,           Not run ,          Not run ,  Not run ,  Not run ,  Not run ,  Not run ,                   Not run ,                 Not run ,                  Not run ,  Not run ,     0.901 ,           Not run ,           Not run ,               Not run ,          Not run ,          Not run ,              Not run ,           Not run ,          Not run ,  Not run ,  Not run ,  Not run ,  Not run ,                   Not run
Lcals_HYDRO_1D              ,  Not run ,     1.000 ,           Not run ,          Not run ,           Not run ,          Not run ,           Not run ,          Not run ,  Not run ,  Not run ,  Not run ,  Not run ,                   Not run ,                 Not run ,                  Not run ,  Not run ,     1.001 ,           Not run ,           Not run ,               Not run ,          Not run ,          Not run ,              Not run ,           Not run ,          Not run ,  Not run ,  Not run ,  Not run ,  Not run ,                   Not run
Lcals_HYDRO_2D              ,  Not run ,     1.000 ,           Not run ,          Not run ,           Not run ,          Not run ,           Not run ,          Not run ,  Not run ,  Not run ,  Not run ,  Not run ,                   Not run ,                 Not run ,                  Not run ,  Not run ,     0.979 ,           Not run ,           Not run ,               Not run ,          Not run ,          Not run ,              Not run ,           Not run ,          Not run ,  Not run ,  Not run ,  Not run ,  Not run ,                   Not run
Lcals_INT_PREDICT           ,  Not run ,     1.000 ,           Not run ,          Not run ,           Not run ,          Not run ,           Not run ,          Not run ,  Not run ,  Not run ,  Not run ,  Not run ,                   Not run ,                 Not run ,                  Not run ,  Not run ,     0.939 ,           Not run ,           Not run ,               Not run ,          Not run ,          Not run ,              Not run ,           Not run ,          Not run ,  Not run ,  Not run ,  Not run ,  Not run ,                   Not run
Lcals_PLANCKIAN             ,  Not run ,     1.000 ,           Not run ,          Not run ,           Not run ,          Not run ,           Not run ,          Not run ,  Not run ,  Not run ,  Not run ,  Not run ,                   Not run ,                 Not run ,                  Not run ,  Not run ,     1.004 ,           Not run ,           Not run ,               Not run ,          Not run ,          Not run ,              Not run ,           Not run ,          Not run ,  Not run ,  Not run ,  Not run ,  Not run ,                   Not run
Lcals_TRIDIAG_ELIM          ,  Not run ,     1.000 ,           Not run ,          Not run ,           Not run ,          Not run ,           Not run ,          Not run ,  Not run ,  Not run ,  Not run ,  Not run ,                   Not run ,                 Not run ,                  Not run ,  Not run ,     1.010 ,           Not run ,           Not run ,               Not run ,          Not run ,          Not run ,              Not run ,           Not run ,          Not run ,  Not run ,  Not run ,  Not run ,  Not run ,                   Not run
Polybench_2MM               ,  Not run ,     1.000 ,           Not run ,          Not run ,           Not run ,          Not run ,           Not run ,          Not run ,  Not run ,  Not run ,  Not run ,  Not run ,                   Not run ,                 Not run ,                  Not run ,  Not run ,     1.004 ,           Not run ,           Not run ,               Not run ,          Not run ,          Not run ,              Not run ,           Not run ,          Not run ,  Not run ,  Not run ,  Not run ,  Not run ,                   Not run
Polybench_3MM               ,  Not run ,     1.000 ,           Not run ,          Not run ,           Not run ,          Not run ,           Not run ,          Not run ,  Not run ,  Not run ,  Not run ,  Not run ,                   Not run ,                 Not run ,                  Not run ,  Not run ,     1.005 ,           Not run ,           Not run ,               Not run ,          Not run ,          Not run ,              Not run ,           Not run ,          Not run ,  Not run ,  Not run ,  Not run ,  Not run ,                   Not run
Polybench_ADI               ,  Not run ,     1.000 ,           Not run ,          Not run ,           Not run ,          Not run ,           Not run ,          Not run ,  Not run ,  Not run ,  Not run ,  Not run ,                   Not run ,                 Not run ,                  Not run ,  Not run ,     0.696 ,           Not run ,           Not run ,               Not run ,          Not run ,          Not run ,              Not run ,           Not run ,          Not run ,  Not run ,  Not run ,  Not run ,  Not run ,                   Not run
Polybench_ATAX              ,  Not run ,     1.000 ,           Not run ,          Not run ,           Not run ,          Not run ,           Not run ,          Not run ,  Not run ,  Not run ,  Not run ,  Not run ,                   Not run ,                 Not run ,                  Not run ,  Not run ,     0.932 ,           Not run ,           Not run ,               Not run ,          Not run ,          Not run ,              Not run ,           Not run ,          Not run ,  Not run ,  Not run ,  Not run ,  Not run ,                   Not run
Polybench_FDTD_2D           ,  Not run ,     1.000 ,           Not run ,          Not run ,           Not run ,          Not run ,           Not run ,          Not run ,  Not run ,  Not run ,  Not run ,  Not run ,                   Not run ,                 Not run ,                  Not run ,  Not run ,     0.944 ,           Not run ,           Not run ,               Not run ,          Not run ,          Not run ,              Not run ,           Not run ,          Not run ,  Not run ,  Not run ,  Not run ,  Not run ,                   Not run
Polybench_FLOYD_WARSHALL    ,  Not run ,     1.000 ,           Not run ,          Not run ,           Not run ,          Not run ,           Not run ,          Not run ,  Not run ,  Not run ,  Not run ,  Not run ,                   Not run ,                 Not run ,                  Not run ,  Not run ,     0.976 ,           Not run ,           Not run ,               Not run ,          Not run ,          Not run ,              Not run ,           Not run ,          Not run ,  Not run ,  Not run ,  Not run ,  Not run ,                   Not run
Polybench_GEMM              ,  Not run ,     1.000 ,           Not run ,          Not run ,           Not run ,          Not run ,           Not run ,          Not run ,  Not run ,  Not run ,  Not run ,  Not run ,                   Not run ,                 Not run ,                  Not run ,  Not run ,     0.995 ,           Not run ,           Not run ,               Not run ,          Not run ,          Not run ,              Not run ,           Not run ,          Not run ,  Not run ,  Not run ,  Not run ,  Not run ,                   Not run
Polybench_GEMVER            ,  Not run ,     1.000 ,           Not run ,          Not run ,           Not run ,          Not run ,           Not run ,          Not run ,  Not run ,  Not run ,  Not run ,  Not run ,                   Not run ,                 Not run ,                  Not run ,  Not run ,     0.931 ,           Not run ,           Not run ,               Not run ,          Not run ,          Not run ,              Not run ,           Not run ,          Not run ,  Not run ,  Not run ,  Not run ,  Not run ,                   Not run
Polybench_GESUMMV           ,  Not run ,     1.000 ,           Not run ,          Not run ,           Not run ,          Not run ,           Not run ,          Not run ,  Not run ,  Not run ,  Not run ,  Not run ,                   Not run ,                 Not run ,                  Not run ,  Not run ,     0.998 ,           Not run ,           Not run ,               Not run ,          Not run ,          Not run ,              Not run ,           Not run ,          Not run ,  Not run ,  Not run ,  Not run ,  Not run ,                   Not run
Polybench_HEAT_3D           ,  Not run ,     1.000 ,           Not run ,          Not run ,           Not run ,          Not run ,           Not run ,          Not run ,  Not run ,  Not run ,  Not run ,  Not run ,                   Not run ,                 Not run ,                  Not run ,  Not run ,     0.997 ,           Not run ,           Not run ,               Not run ,          Not run ,          Not run ,              Not run ,           Not run ,          Not run ,  Not run ,  Not run ,  Not run ,  Not run ,                   Not run
Polybench_JACOBI_1D         ,  Not run ,     1.000 ,           Not run ,          Not run ,           Not run ,          Not run ,           Not run ,          Not run ,  Not run ,  Not run ,  Not run ,  Not run ,                   Not run ,                 Not run ,                  Not run ,  Not run ,     1.025 ,           Not run ,           Not run ,               Not run ,          Not run ,          Not run ,              Not run ,           Not run ,          Not run ,  Not run ,  Not run ,  Not run ,  Not run ,                   Not run
Polybench_JACOBI_2D         ,  Not run ,     1.000 ,           Not run ,          Not run ,           Not run ,          Not run ,           Not run ,          Not run ,  Not run ,  Not run ,  Not run ,  Not run ,                   Not run ,                 Not run ,                  Not run ,  Not run ,     0.978 ,           Not run ,           Not run ,               Not run ,          Not run ,          Not run ,              Not run ,           Not run ,          Not run ,  Not run ,  Not run ,  Not run ,  Not run ,                   Not run
Polybench_MVT               ,  Not run ,     1.000 ,           Not run ,          Not run ,           Not run ,          Not run ,           Not run ,          Not run ,  Not run ,  Not run ,  Not run ,  Not run ,                   Not run ,                 Not run ,                  Not run ,  Not run ,     0.919 ,           Not run ,           Not run ,               Not run ,          Not run ,          Not run ,              Not run ,           Not run ,          Not run ,  Not run ,  Not run ,  Not run ,  Not run ,                   Not run
Stream_ADD                  ,  Not run ,     1.000 ,           Not run ,          Not run ,           Not run ,          Not run ,           Not run ,          Not run ,  Not run ,  Not run ,  Not run ,  Not run ,                   Not run ,                 Not run ,                  Not run ,  Not run ,     1.013 ,           Not run ,           Not run ,               Not run ,          Not run ,          Not run ,              Not run ,           Not run ,          Not run ,  Not run ,  Not run ,  Not run ,  Not run ,                   Not run
Stream_COPY                 ,  Not run ,     1.000 ,           Not run ,          Not run ,           Not run ,          Not run ,           Not run ,          Not run ,  Not run ,  Not run ,  Not run ,  Not run ,                   Not run ,                 Not run ,                  Not run ,  Not run ,     0.995 ,           Not run ,           Not run ,               Not run ,          Not run ,          Not run ,              Not run ,           Not run ,          Not run ,  Not run ,  Not run ,  Not run ,  Not run ,                   Not run
Stream_DOT                  ,  Not run ,   Not run ,             1.000 ,            3.411 ,           Not run ,          Not run ,           Not run ,          Not run ,  Not run ,  Not run ,  Not run ,  Not run ,                   Not run ,                 Not run ,                  Not run ,  Not run ,   Not run ,             4.221 ,             3.196 ,                 0.321 ,            5.355 ,            4.986 ,                2.125 ,           Not run ,          Not run ,  Not run ,  Not run ,  Not run ,  Not run ,                   Not run
Stream_MUL                  ,  Not run ,     1.000 ,           Not run ,          Not run ,           Not run ,          Not run ,           Not run ,          Not run ,  Not run ,  Not run ,  Not run ,  Not run ,                   Not run ,                 Not run ,                  Not run ,  Not run ,     0.998 ,           Not run ,           Not run ,               Not run ,          Not run ,          Not run ,              Not run ,           Not run ,          Not run ,  Not run ,  Not run ,  Not run ,  Not run ,                   Not run
Stream_TRIAD                ,  Not run ,     1.000 ,           Not run ,          Not run ,           Not run ,          Not run ,           Not run ,          Not run ,  Not run ,  Not run ,  Not run ,  Not run ,                   Not run ,                 Not run ,                  Not run ,  Not run ,     0.990 ,           Not run ,           Not run ,               Not run ,          Not run ,          Not run ,              Not run ,           Not run ,          Not run ,  Not run ,  Not run ,  Not run ,  Not run ,                   Not run
Apps_CONVECTION3DPA         ,  Not run ,   Not run ,           Not run ,          Not run ,           Not run ,          Not run ,           Not run ,          Not run ,    1.000 ,  Not run ,  Not run ,  Not run ,                   Not run ,                 Not run ,                  Not run ,  Not run ,   Not run ,           Not run ,           Not run ,               Not run ,          Not run ,          Not run ,              Not run ,           Not run ,          Not run ,    1.096 ,  Not run ,  Not run ,  Not run ,                   Not run
Apps_DEL_DOT_VEC_2D         ,  Not run ,     1.000 ,           Not run ,          Not run ,           Not run ,          Not run ,           Not run ,          Not run ,  Not run ,  Not run ,  Not run ,  Not run ,                   Not run ,                 Not run ,                  Not run ,  Not run ,     1.006 ,           Not run ,           Not run ,               Not run ,          Not run ,          Not run ,              Not run ,           Not run ,          Not run ,  Not run ,  Not run ,  Not run ,  Not run ,                   Not run
Apps_DIFFUSION3DPA          ,  Not run ,   Not run ,           Not run ,          Not run ,           Not run ,          Not run ,           Not run ,          Not run ,    1.000 ,  Not run ,  Not run ,  Not run ,                   Not run ,                 Not run ,                  Not run ,  Not run ,   Not run ,           Not run ,           Not run ,               Not run ,          Not run ,          Not run ,              Not run ,           Not run ,          Not run ,    1.231 ,  Not run ,  Not run ,  Not run ,                   Not run
Apps_EDGE3D                 ,  Not run ,     1.000 ,           Not run ,          Not run ,           Not run ,          Not run ,           Not run ,          Not run ,  Not run ,  Not run ,  Not run ,  Not run ,                   Not run ,                 Not run ,                  Not run ,  Not run ,     1.007 ,           Not run ,           Not run ,               Not run ,          Not run ,          Not run ,              Not run ,           Not run ,          Not run ,  Not run ,  Not run ,  Not run ,  Not run ,                   Not run
Apps_ENERGY                 ,  Not run ,     1.000 ,           Not run ,          Not run ,           Not run ,          Not run ,           Not run ,          Not run ,  Not run ,  Not run ,  Not run ,  Not run ,                   Not run ,                 Not run ,                  Not run ,  Not run ,     0.974 ,           Not run ,           Not run ,               Not run ,          Not run ,          Not run ,              Not run ,           Not run ,          Not run ,  Not run ,  Not run ,  Not run ,  Not run ,                   Not run
Apps_FIR                    ,  Not run ,     1.000 ,           Not run ,          Not run ,           Not run ,          Not run ,           Not run ,          Not run ,  Not run ,  Not run ,  Not run ,  Not run ,                   Not run ,                 Not run ,                  Not run ,  Not run ,     0.996 ,           Not run ,           Not run ,               Not run ,          Not run ,          Not run ,              Not run ,           Not run ,          Not run ,  Not run ,  Not run ,  Not run ,  Not run ,                   Not run
Apps_LTIMES                 ,  Not run ,     1.000 ,           Not run ,          Not run ,           Not run ,          Not run ,           Not run ,          Not run ,  Not run ,  Not run ,  Not run ,  Not run ,                   Not run ,                 Not run ,                  Not run ,  Not run ,     0.839 ,           Not run ,           Not run ,               Not run ,          Not run ,          Not run ,              Not run ,           Not run ,          Not run ,  Not run ,  Not run ,  Not run ,  Not run ,                   Not run
Apps_LTIMES_NOVIEW          ,  Not run ,     1.000 ,           Not run ,          Not run ,           Not run ,          Not run ,           Not run ,          Not run ,  Not run ,  Not run ,  Not run ,  Not run ,                   Not run ,                 Not run ,                  Not run ,  Not run ,     0.840 ,           Not run ,           Not run ,               Not run ,          Not run ,          Not run ,              Not run ,           Not run ,          Not run ,  Not run ,  Not run ,  Not run ,  Not run ,                   Not run
Apps_MASS3DEA               ,  Not run ,   Not run ,           Not run ,          Not run ,           Not run ,          Not run ,           Not run ,          Not run ,    1.000 ,  Not run ,  Not run ,  Not run ,                   Not run ,                 Not run ,                  Not run ,  Not run ,   Not run ,           Not run ,           Not run ,               Not run ,          Not run ,          Not run ,              Not run ,           Not run ,          Not run ,    0.282 ,  Not run ,  Not run ,  Not run ,                   Not run
Apps_MASS3DPA               ,  Not run ,   Not run ,           Not run ,          Not run ,           Not run ,          Not run ,           Not run ,          Not run ,  Not run ,    1.000 ,  Not run ,  Not run ,                   Not run ,                 Not run ,                  Not run ,  Not run ,   Not run ,           Not run ,           Not run ,               Not run ,          Not run ,          Not run ,              Not run ,           Not run ,          Not run ,  Not run ,    1.008 ,  Not run ,  Not run ,                   Not run
Apps_MATVEC_3D_STENCIL      ,  Not run ,     1.000 ,           Not run ,          Not run ,           Not run ,          Not run ,           Not run ,          Not run ,  Not run ,  Not run ,  Not run ,  Not run ,                   Not run ,                 Not run ,                  Not run ,  Not run ,     0.993 ,           Not run ,           Not run ,               Not run ,          Not run ,          Not run ,              Not run ,           Not run ,          Not run ,  Not run ,  Not run ,  Not run ,  Not run ,                   Not run
Apps_NODAL_ACCUMULATION_3D  ,  Not run ,     1.000 ,           Not run ,          Not run ,           Not run ,          Not run ,           Not run ,          Not run ,  Not run ,  Not run ,  Not run ,  Not run ,                   Not run ,                 Not run ,                  Not run ,  Not run ,     0.999 ,           Not run ,           Not run ,               Not run ,          Not run ,          Not run ,              Not run ,           Not run ,          Not run ,  Not run ,  Not run ,  Not run ,  Not run ,                   Not run
Apps_PRESSURE               ,  Not run ,     1.000 ,           Not run ,          Not run ,           Not run ,          Not run ,           Not run ,          Not run ,  Not run ,  Not run ,  Not run ,  Not run ,                   Not run ,                 Not run ,                  Not run ,  Not run ,     1.030 ,           Not run ,           Not run ,               Not run ,          Not run ,          Not run ,              Not run ,           Not run ,          Not run ,  Not run ,  Not run ,  Not run ,  Not run ,                   Not run
Apps_VOL3D                  ,  Not run ,     1.000 ,           Not run ,          Not run ,           Not run ,          Not run ,           Not run ,          Not run ,  Not run ,  Not run ,  Not run ,  Not run ,                   Not run ,                 Not run ,                  Not run ,  Not run ,     0.962 ,           Not run ,           Not run ,               Not run ,          Not run ,          Not run ,              Not run ,           Not run ,          Not run ,  Not run ,  Not run ,  Not run ,  Not run ,                   Not run
Apps_ZONAL_ACCUMULATION_3D  ,  Not run ,     1.000 ,           Not run ,          Not run ,           Not run ,          Not run ,           Not run ,          Not run ,  Not run ,  Not run ,  Not run ,  Not run ,                   Not run ,                 Not run ,                  Not run ,  Not run ,     1.003 ,           Not run ,           Not run ,               Not run ,          Not run ,          Not run ,              Not run ,           Not run ,          Not run ,  Not run ,  Not run ,  Not run ,  Not run ,                   Not run
Algorithm_SCAN              ,  Not run ,     0.468 ,           Not run ,          Not run ,           Not run ,          Not run ,           Not run ,          Not run ,  Not run ,  Not run ,    1.000 ,  Not run ,                   Not run ,                 Not run ,                  Not run ,  Not run ,   Not run ,           Not run ,           Not run ,               Not run ,          Not run ,          Not run ,              Not run ,           Not run ,          Not run ,  Not run ,  Not run ,    0.988 ,  Not run ,                   Not run
Algorithm_SORT              ,  Not run ,   Not run ,           Not run ,          Not run ,           Not run ,          Not run ,           Not run ,          Not run ,  Not run ,  Not run ,  Not run ,  Not run ,                   Not run ,                 Not run ,                  Not run ,  Not run ,   Not run ,           Not run ,           Not run ,               Not run ,          Not run ,          Not run ,              Not run ,           Not run ,          Not run ,  Not run ,  Not run ,  Not run ,  Not run ,                   Not run
Algorithm_SORTPAIRS         ,  Not run ,   Not run ,           Not run ,          Not run ,           Not run ,          Not run ,           Not run ,          Not run ,  Not run ,  Not run ,  Not run ,  Not run ,                   Not run ,                 Not run ,                  Not run ,  Not run ,   Not run ,           Not run ,           Not run ,               Not run ,          Not run ,          Not run ,              Not run ,           Not run ,          Not run ,  Not run ,  Not run ,  Not run ,  Not run ,                   Not run
Algorithm_REDUCE_SUM        ,  Not run ,   Not run ,             0.145 ,            0.490 ,           Not run ,          Not run ,           Not run ,          Not run ,  Not run ,  Not run ,    1.000 ,  Not run ,                   Not run ,                 Not run ,                  Not run ,  Not run ,   Not run ,             0.677 ,             0.480 ,                 0.051 ,            1.023 ,            0.949 ,                0.373 ,           Not run ,          Not run ,  Not run ,  Not run ,  Not run ,  Not run ,                   Not run
Algorithm_MEMSET            ,  Not run ,     0.877 ,           Not run ,          Not run ,           Not run ,          Not run ,           Not run ,          Not run ,  Not run ,  Not run ,  Not run ,    1.000 ,                   Not run ,                 Not run ,                  Not run ,  Not run ,     0.879 ,           Not run ,           Not run ,               Not run ,          Not run ,          Not run ,              Not run ,           Not run ,          Not run ,  Not run ,  Not run ,  Not run ,    0.998 ,                   Not run
Algorithm_MEMCPY            ,  Not run ,     0.883 ,           Not run ,          Not run ,           Not run ,          Not run ,           Not run ,          Not run ,  Not run ,  Not run ,  Not run ,    1.000 ,                   Not run ,                 Not run ,                  Not run ,  Not run ,     0.900 ,           Not run ,           Not run ,               Not run ,          Not run ,          Not run ,              Not run ,           Not run ,          Not run ,  Not run ,  Not run ,  Not run ,    0.997 ,                   Not run
Algorithm_ATOMIC            ,  Not run ,   Not run ,           Not run ,          Not run ,           Not run ,          Not run ,           Not run ,          Not run ,  Not run ,  Not run ,  Not run ,  Not run ,                     1.000 ,                   2.205 ,                    2.181 ,  Not run ,   Not run ,           Not run ,           Not run ,               Not run ,          Not run ,          Not run ,              Not run ,           Not run ,          Not run ,  Not run ,  Not run ,  Not run ,  Not run ,                     1.015
Algorithm_HISTOGRAM         ,  Not run ,   Not run ,           Not run ,          Not run ,             2.311 ,            1.099 ,           Not run ,          Not run ,  Not run ,  Not run ,    1.000 ,  Not run ,                   Not run ,                 Not run ,                  Not run ,  Not run ,   Not run ,           Not run ,           Not run ,               Not run ,          Not run ,          Not run ,              Not run ,             1.917 ,            2.261 ,  Not run ,  Not run ,  Not run ,  Not run ,                   Not run
Comm_HALO_PACKING           ,  Not run ,     1.000 ,           Not run ,          Not run ,           Not run ,          Not run ,           Not run ,          Not run ,  Not run ,  Not run ,  Not run ,  Not run ,                   Not run ,                 Not run ,                  Not run ,  Not run ,     1.075 ,           Not run ,           Not run ,               Not run ,          Not run ,          Not run ,              Not run ,           Not run ,          Not run ,  Not run ,  Not run ,  Not run ,  Not run ,                   Not run
Comm_HALO_SENDRECV          ,    1.000 ,   Not run ,           Not run ,          Not run ,           Not run ,          Not run ,           Not run ,          Not run ,  Not run ,  Not run ,  Not run ,  Not run ,                   Not run ,                 Not run ,                  Not run ,  Not run ,   Not run ,           Not run ,           Not run ,               Not run ,          Not run ,          Not run ,              Not run ,           Not run ,          Not run ,  Not run ,  Not run ,  Not run ,  Not run ,                   Not run
Comm_HALO_EXCHANGE          ,  Not run ,     1.000 ,           Not run ,          Not run ,           Not run ,          Not run ,           Not run ,          Not run ,  Not run ,  Not run ,  Not run ,  Not run ,                   Not run ,                 Not run ,                  Not run ,  Not run ,     1.052 ,           Not run ,           Not run ,               Not run ,          Not run ,          Not run ,              Not run ,           Not run ,          Not run ,  Not run ,  Not run ,  Not run ,  Not run ,                   Not run
